index,選挙区名,議員氏名,twitter_id,twitter_name,twitter_follower,twitter_follow,youtube_id,youtube_name,youtube_follower,youtube_video_num,home_page_url,生年月日,性別,任期満了,読み方,会派,当選回数,＜正字＞,,
1,岡山1,逢沢 一郎,@ichiroaisawa,あいさわ一郎,36800,2985,@user-fx3dk4ts5n,あいさわ一郎 公式チャンネル,254,20,https://www.aisawa.net/,1954年6月10日,1,,あいさわ いちろう,自民,12,,,
2,大阪14,青柳 仁士,@aoyagi_h,青柳仁士 衆議院議員＜維新＞,6859,149,,,,,,1978年11月7日,1,,あおやぎ ひとし,維新,1,,,
3,鳥取2,赤澤 亮正,@ryosei_akazawa,赤沢りょうせい,7330,1781,,,,,https://www.ryosei-akazawa.com/,1969年12月18日,1,,あかざわ りょうせい,自民,6,,,
4,兵庫2,赤羽 一嘉,@AKBhyogo2ku,赤羽かずよし　小選挙区兵庫２区（神戸市北区・兵庫区・長田区、西宮市山口支所および塩瀬支所管内）,15000,494,@akabakazuyoshi,赤羽かずよし,1840,67,https://www.akaba-now.com/,1958年5月7日,1,,あかば かずよし,公明,9,,,
5,神奈川14,あかま 二郎,@jiroakama0327,あかま二郎,454,41,,,,,,1968年3月27日,1,,あかま じろう,自民,5,,,
6,沖縄1,赤嶺 政賢,@akamineseiken,あかみね政賢,17900,2154,@user-qd1gc8jh8v,あかみね政賢,351,64,https://akamine-seiken.jp/,1947年12月18日,１,,あかみね せいけん,共産,8,,,
7,茨城5,浅野 哲,@Asano__Satoshi,浅野さとし🌿衆議院議員🌿国民民主党🌿茨城5区(日立市・高萩市・北茨城市・東海村),8968,704,@asano__satoshi,浅野さとし公式チャンネル,1680,368,https://www.asanosatoshi.com/,1982年9月25日,１,,あさの さとし,国民,2,,,
8,北海道6,東 国幹,@azuma0217,東　国幹,78,13,,,,,https://www.azumajapan.com/,1968年2月17日,１,,あずま くによし,自民,1,,,
9,宮城5,安住 淳,,,,,,,,,https://azumi-jun.jp/,1962年1月17日,１,,あずみ じゅん,立憲,9,,,
10,福岡8,麻生 太郎,@Aso_Tarou,麻生太郎,1130,58,,,,,http://www.aso-taro.jp/,1940年9月20日,１,,あそう たろう,自民,14,,,
11,大阪9,足立 康史,@adachiyasushi,足立康史 衆議院議員,182900,24,@adc83,あだチャン,63600,1000,,1965年10月14日,１,,あだち やすし,維新,4,,,
12,神奈川12,阿部 知子,@abe_tomoko,あべともこ（衆議院議員・神奈川１２区・立憲民主党,24700,132,,,,,http://www.abetomoko.jp/,1948年4月24日,２,,あべ ともこ,立憲,8,,,
13,沖縄2,新垣 邦男,@arakaki_kunio,新垣クニオ｜衆議院議員（沖縄2区）,1513,179,@arakaki_kunio,新垣クニオのYou中部チャンネル,83,41,https://arakaki-kunio.com/,1956年6月19日,１,,あらかき くにお,立憲,1,,,
14,大阪10,池下 卓,@iketaku_0410,池下卓＠衆議院議員【日本維新の会】,5887,509,@ikeshitataku,いけたくチャンネル,437,166,https://iketaku.jp/,1975年4月10日,１,,いけした たく,維新,1,,,
15,大阪6,伊佐 進一,@isashinichi,いさ進一　衆議院議員🍙,49700,26300,@isa1341ch,衆議院議員 いさ進一 チャンネル,18900,355,http://www.isa41.net/,1974年12月10日,1,,いさ しんいち,公明,4,,,
16,兵庫1,井坂 信彦,@isakanobuhiko,いさか信彦（衆議院選挙兵庫1区/神戸市中央区・灘区・東灘区）,5587,2741,,,,,https://isaka-nobuhiko.jp/,1974年3月27日,1,,いさか のぶひこ,立憲,3,,,
17,北海道11,石川 香織,@IshikawaKaori11,"
衆議院議員石川香織 @北海道11区（十勝）",8189,954,@Ch-di7el,石川かおりCh,357,73,https://ishikawa-kaori.net/,1984年5月10日,2,,いしかわ かおり,立憲,2,,,
18,和歌山2,石田 真敏,@ishidamasatoshi,石田真敏,361,4,,,,,https://ishida-masatoshi.net/,1952年4月11日,1,,いしだ まさとし,自民,8,,,
19,鳥取1,石破 茂,@shigeruishiba,石破茂,204800,48,,,,,https://www.ishiba.com/,1957年2月4日,1,,いしば しげる,自民,12,,,
20,京都3,泉 健太,@izmkenta,泉健太🌎立憲民主党代表,40800,1274,,,,,https://izumi-kenta.net/,1974年7月29日,1,,いずみ けんた,立憲,8,,,
21,兵庫6,市村 浩一郎,@ichimura_staff,市村浩一郎 (衆議院議員・日本維新の会・兵庫6区)【事務所staff】,396,388,,,,,https://instabio.cc/ichimurakoichiro,1964年7月16日,1,,いちむら こういちろう,維新,4,,,
22,長野3,井出 庸生,@yousei_ide,井出ようせい,5200,1652,@user-nn9jz2il4z,井出ようせいチャンネル,159,45,https://yousei-ide.com/,1977年11月21日,1,,いで ようせい,自民,4,,,
23,宮城4,伊藤 信太郎,@ShintaroIto205,伊藤 信太郎,2679,173,@itoshintarou,伊藤信太郎 チャンネル,52,53,https://www.ito-sintaro.jp//,1953年5月6日,1,,いとう しんたろう,自民,7,,,
24,愛知8,伊藤 忠彦,@tadahiko_itoh,伊藤 忠彦,1050,6,,,,,https://tadahiko-itoh.com/,1964年7月11日,1,,いとう ただひこ,自民,5,,,
25,東京22,伊藤 達也,@tatsuyaito0501,伊藤達也,3186,1907,@TATSUYAIT0,伊藤達也,168,131,https://www.tatsuyaito.com/,1961年7月6日,１,,いとう たつや,自民,9,,,
26,大阪19,伊東 信久,@nobuhisaito11,いとう信久 【衆議院議員 日本維新の会】,2248,798,@user-wk7qc5vy7c,伊東信久チャンネル,20,14,https://n-ito.jp/,1964年1月4日,１,,いとう のぶひさ,維新,3,,,
27,北海道7,伊東 良孝,,,,,@user-et2sn9ym7p,伊東よしたか青年部,80,0,https://ito-yoshitaka.com/,1948年11月24日,１,,いとう よしたか,自民,5,,,
28,福井1,稲田 朋美,@dento_to_souzo,稲田朋美,47000,205,@Inada_Tomomi,稲田朋美のトンちゃんねる,921,26,https://www.inada-tomomi.com/,1959年2月20日,２,,いなだ ともみ,自民,6,,,
29,北海道10,稲津 久,@InatsuHisashi,いなつ久【北海道10区】,9841,1684,@inatsuchannel,衆議院議員 いなつ久,4240,68,https://inatsu.com/,1958年2月9日,１,,いなつ ひさし,公明,5,,,
30,群馬2,井野 俊郎,@OlHtpHMOe6pxi7i,井野としろう,763,2,,,,,https://www.inooffice.jp/,1980年1月8日,１,,いの としろう,自民,4,,,
31,東京25,井上 信治,@isinewave,INOUE Shinji(sine_wave),,,@inoueshinji,井上信治,93,5,http://www.inoue-s.jp/,1969年10月7日,1,,いのうえ しんじ,自民,7,,,
32,福岡1,井上 貴博,,,,,,,,,https://inouetakahiro.jp/,1962年4月2日,1,,いのうえ たかひろ,自民,4,,,
33,大阪1,井上 英孝,@hidetaka_i,衆議院議員井上英孝事務所,1230,476,@user-px6ei9bw5l,井上ひでたか,52,132,https://www.hidetaka-inoue.com/,1971年10月25日,1,,いのうえ ひでたか,維新,4,,,
34,静岡2,井林 辰憲,@T_Ibayashi,井林たつのり,3609,350,@user-qv6vh2hf6c,井林辰憲,73,55,http://t-ibayashi.com/,1976年7月18日,1,,いばやし たつのり,自民,4,,,
35,愛媛3,井原 巧,@ihara_takumi,井原たくみ＠自民党衆議院愛媛県第3選挙区支部長（新居浜、西条、四国中央）,248,25,@user-cw2sh4xc5v,山本順三・井原たくみ応援チャンネル,148,105,https://www.ihara-takumi.com/,1963年11月13日,1,,いはら たくみ,自民,1,,,
36,愛知14,今枝 宗一郎,@imaeda_soichiro,今枝宗一郎（文科副大臣/スタートアップ議連・MaaS・CASE推進議連事務局長/衆院議員愛知14区）,11000,3594,@user-ki7zs9oi8h,今枝宗一郎チャンネル,1050,114,https://www.imaeda-sou.com/,1984年2月18日,1,,いまえだ そういちろう,自民,4,,,
37,大阪13,岩谷 良平,@Iwatani_Ryohei,岩谷良平 日本維新の会 副幹事長•衆議院議員（東大阪市選出）,4521,1263,@user-hx5ux1mg2v,【公式】日本維新の会　岩谷良平,163,65,https://r-iwatani.com/,1980年6月7日,1,,いわたに りょうへい,維新,1,,,
38,大分3,岩屋 毅,,,,,@TAKESHICHANNEL,TAKESHI-CHANNEL,336,43,https://t-iwaya.com/,1957年8月24日,1,,いわや たけし,自民,9,,,
39,富山2,上田 英俊,,,,,@user-kl5zw7vi3e,上田英俊 チャンネル,36,4,https://ueda-eishun.com/,1965年1月22日,1,,うえだ えいしゅん,自民,1,,,
40,滋賀2,上野 賢一郎,@Ueno_Kenichiro,上野賢一郎,5426,2236,@UenoKenichiro,上野賢一郎,125,24,http://news.uenokenichiro.jp/,1965年8月3日,1,,うえの けんいちろう,自民,5,,,
41,新潟6,梅谷 守,@umetani_m,うめたに 守,1576,1029,,,,,https://www.umetani.net/,1973年12月9日,1,,うめたに まもる,立憲,1,,,
42,大阪15,浦野 靖人,@uranoyasuto,浦野靖人 衆議院大阪15区（日本維新の会）,6724,142,@uranoyasutooffice,うらの靖人チャンネル,28,194,https://www.uranoyasuto.net/,1973年4月4日,1,,うらの やすと,維新,4,,,
43,大阪8,漆間 譲司,@urumageorge,うるま譲司(衆議院議員/日本維新の会/大阪8区）,2843,956,,,,,https://uruma.osaka.jp/,1974年9月14日,1,,うるま じょうじ,維新,1,,,
44,愛知10,江崎 鐵磨,@Tetsuma770,江﨑てつま事務所,32,6,,,,,https://tetsuma-net.com/,1943年9月17日,1,,えさき てつま,自民,8,,,
45,神奈川8,江田 憲司,@edaoffice,江田憲司事務所（衆議院議員）,20400,118,@edakenjiTV,eda kenjiTV,724,99,http://www.eda-k.net/,1956年4月28日,1,,えだ けんじ,立憲,7,,,
46,埼玉5,枝野 幸男,@edanoyukio0531,枝野幸男 #立憲民主党 #埼玉5区 衆議院議員,179500,699,@user-oy5eb8rl7v,枝野幸男,3450,116,https://www.edano.gr.jp/,1964年5月31日,1,,えだの ゆきお,立憲,10,,,
47,青森1,江渡 聡徳,@ETO_Akinori,江渡あきのり,2879,33,@user-nr6ip4ls9t,江渡あきのりチャンネル,49,9,http://eto-akinori.jp/,1955年10月12日,1,,えと あきのり,自民,8,,,
48,大分2,衛藤 征士郎,@etoseishiro,衛藤征士郎,8809,182,@SeishiroEto,SeishiroEto,589,893,https://www.seishiro.jp/,1941年4月29日,1,,えとう せいしろう,自民,13,,,
49,宮崎2,江藤 拓,@etoh_taku,江藤　拓,652,43,,,,,https://eto-taku.jp/,1960年7月1日,1,,えとう たく,自民,7,,,
50,千葉5,英利アルフィヤ,@eri_arfiya,英利 アルフィヤ,232000,1703,@user-vx3gm8bu8i,えりアルフィヤ,820,39,https://eri-arfiya.jp/,1988年10月16日,2,,えり あるふぃや,自民,1,,,
51,大阪18,遠藤 敬,,,,,,,,,https://o-ishin.jp/member/detail/endo_takashi.html,1968年6月6日,1,,えんどう たかし,維新,4,,,
52,山形1,遠藤 利明,@team_toshiaki,えんどう利明（遠藤利明）（自民党山形1区）,1408,49,,,,,https://e-toshiaki.jp/,1950年1月17日,1,,えんどう としあき,自民,9,,,
53,滋賀1,大岡 敏孝,@OookaToshitaka,大岡としたか　(自民党衆議院　滋賀1区),1335,1500,@jiminshiga1,大岡としたかチャンネル,179,66,https://oooka.com/,1972年4月16日,1,,おおおか としたか,自民,4,,,
54,佐賀2,大串 博志,@OogushiHiroshi,大串ひろし｜衆議院議員｜立憲民主党,10600,364,@oogushihiroshi,大串ひろしのグッシーTV [公式],628,247,https://lit.link/oogushi,1965年8月31日,1,,おおぐし ひろし,立憲,6,,,
55,北海道8,逢坂 誠二,@seiji_ohsaka,逢坂誠二 立憲民主党,75100,16400,@user-hu2sp2qu9c,逢坂誠二,482,178,https://ohsaka.jp/,1959年4月24日,1,,おおさか せいじ,立憲,5,,,
56,埼玉6,大島 敦,,,,,,,,,https://oshimaatsushi.com/,1956年12月21日,1,,おおしま あつし,立憲,8,,,
57,埼玉9,大塚 拓,@otsukataku,大塚　拓,762,7,,,,,https://otsukataku.jp/,1973年6月14日,1,,おおつか たく,自民,5,,,
58,愛知13,大西 健介,@oniken0024,大西健介,4948,446,@YouTubeTV-qv9mt,YouTubeチャンネル　【オニケンTV 】　衆議院議員 おおにし健介,125,50,https://www.oniken-web.jp/,1971年4月13日,1,,おおにし けんすけ,立憲,5,,,
59,東京16,大西 英男,@0024hideo,大西英男,6028,51,@0024hideo,大西英男,78,139,http://onishi-hideo.homepe.net/,1946年8月28日,1,,おおにし ひでお,自民,4,,,
60,香川3,大野 敬太郎,@keitaro_ohno,大野敬太郎,2848,276,,,,,https://keitaro-ohno.com/,1968年11月1日,1,,おおの けいたろう,自民,4,,,
61,三重3,岡田 克也,@okada_katsuya,岡田かつや,25900,0,@KatsuyaOkada,岡田 かつや,3490,959,https://www.katsuya.net/,1953年7月14日,1,,おかだ かつや,立憲,11,,,
62,福岡9,緒方 林太郎,,,,,,,,,https://www.rinta.jp/,1973年1月8日,1,,おがた りんたろう,有志,3,,,
63,東京12,岡本 三成,@okamoto3nari,岡本みつなり（元財務副大臣、衆議院議員),25000,3548,,,,,https://www.m-okamoto.jp/,1965年5月5日,1,,おかもと みつなり,公明,4,,,
64,香川1,小川 淳也,@junyaog,小川淳也｜衆議院議員（香川１区） 🚲,86500,957,@ogajun_kirinuki,小川淳也【総理への道】切り抜き,22000,1100,https://lit.link/junya418kirinuki,1971年4月18日,1,,おがわ じゅんや,立憲,6,,,
65,大阪7,奥下 剛光,@okutake10,奥下たけみつ　日本維新の会　衆議院大阪7区(吹田市、摂津市),1788,528,,,,,https://okushita.net/,1975年10月4日,1,,おくした たけみつ,維新,1,,,
66,千葉9,奥野 総一郎,@sokuno2,おくの総一郎＠千葉9区衆院選候補　#ともに変えよう,3209,1933,@user-iu2lm6wd4r,おくの総一郎,35,16,https://s-okuno.jp/,1964年7月15日,1,,おくの そういちろう,立憲,5,,,
67,福島4,小熊 慎司,@oguma_shinji,小熊慎司(衆議院議員),45000,49600,@user-bl3gt8ts8n,小熊慎司 公式チャンネル,252,74,http://oguma-s.com/,1968年6月16日,1,,おぐま しんじ,立憲,4,,,
68,東京23,小倉 將信,@masanobu_ogura,小倉まさのぶ（衆議院議員）,20600,279,,,,,https://ogura-m.jp/,1981年5月30日,1,,おぐら まさのぶ,自民,4,,,
69,高知2,尾崎 正直,@masaozaki,尾﨑正直,7642,308,,,,,https://ozakimasanao.jp/,1967年9月14日,1,,おざき まさなお,自民,1,,,
70,東京21,小田原 潔,@odawarakiyoshi,小田原きよし,8357,1708,@officeodawara,小田原きよし,70,41,https://odawarakiyoshi.jp/,1964年5月23日,1,,おだわら きよし,自民,4,,,
71,東京6,落合 貴之,@ochiaitakayuki,落合貴之（衆議院議員 東京6区 世田谷),8137,182,@yourteamSETAGAYA,落合貴之公式チャンネル,522,121,https://www.ochiaitakayuki.com/,1979年8月17日,1,,おちあい たかゆき,立憲,3,,,
72,福岡2,鬼木 誠,@onikidon,鬼木　誠,10000,581,@onikidon,おにき誠TV　自民党福岡2区,1280,129,https://www.onikidon.com/,1963年12月7日,1,,おにき まこと,自民,4,,,
73,宮城6,小野寺 五典,@itsunori510,小野寺 五典,159315,10,,,,,https://www.itsunori.com/,1960年5月5日,1,,おのでら いつのり,自民,8,,,
74,群馬5,小渕 優子,,,,,,,,,https://www.obuchiyuko.com/,1973年12月11日,2,,おぶち ゆうこ,自民,8,,,
75,東京15,柿沢 未途,@310kakizawa,柿沢未途 衆議院議員（江東区・東京15区） 自由民主党,33000,3089,@310kakizawa,かきみとチャンネル:衆議院議員 柿沢未途,1080,160,https://www.310kakizawa.jp/,1971年1月21日,1,,かきざわ みと,自民,5,,,
76,茨城4,梶山 弘志,@kajiyamahiroshi,梶山ひろし,6135,41,@kajiyamahiroshi,kajiyamahiroshi,126,80,https://kajiyama-office.com/,1955年10月18日,1,,かじやま ひろし,自民,8,,,
77,静岡6,勝俣 孝明,@takaaki_katsu,かつまた孝明,1511,4,@tkatsumatacom,勝俣孝明,69,17,https://www.t-katsumata.com/,1976年4月7日,1,,かつまた たかあき,自民,4,,,
78,京都1,勝目 康,@KatsumeYasushi,勝目やすし,1645,539,,,,,https://www.katsumeyasushi.com/,1974年5月17日,1,,かつめ やすし,自民,1,,,
79,山形3,加藤 鮎子,@katoayuko_and_s,加藤 鮎子,3107,171,@user-ql2vs5um8m,かとう鮎子,461,41,https://kato-ayuko.net/,1979年4月19日,2,,かとう あゆこ,自民,3,,,
80,岡山5,加藤 勝信,@KatsunobuKato1,加藤勝信,25900,323,@katokatsunobu,勝信TV,979,50,https://katokatsunobu.net/,1955年11月22日,1,,かとう かつのぶ,自民,7,,,
81,長崎2,加藤 竜祥,@Katoryusho,加藤竜祥,493,63,,,,,https://katoryusho.com/,1980年2月10日,1,,かとう りゅうしょう,自民,1,,,
82,福島1,金子 恵美,@kanekomegumioff,金子恵美オフィシャル,5365,7,@kanekomegumichannel,金子恵美チャンネル,791,24,https://kaneko-emi.com/,1978年2月27日,2,,かねこ えみ,立憲,3,,,
83,岐阜4,金子 俊平,@kanekosyunpei,金子俊平（衆議院議員／岐阜４区）,1351,92,,,,,https://www.kanekosyunpei.com/,1978年5月28日,1,,かねこ しゅんぺい,自民,2,,,
84,熊本4,金子 恭之,@nekotanchan,金子恭之,10200,522,@kanekoyasushi,kanekoyasushi,93,6,http://www.kaneko-yasushi.com/,1961年2月27日,1,,かねこ やすし,自民,8,,,
85,宮城2,鎌田 さゆり,@sayu4018,鎌田さゆり,12100,1269,@user-je3mp1py2f,かまチャンネル(鎌田さゆり),218,25,https://kamatasayuri.jp/,1965年1月8日,2,,かまた さゆり,立憲,3,,,
86,静岡1,上川 陽子,@Kamikawa_Yoko,上川 陽子　KAMIKAWA Yoko,20000,234,,,,,https://www.kamikawayoko.net/,1953年3月1日,2,,かみかわ ようこ,自民,7,,,
87,三重2,川崎 ひでと,@kawasaki_hideto,川崎ひでと |衆議院議員|自民党三重2区🇯🇵,1870,844,,,,,https://lit.link/kawasakihideto,1981年11月4日,1,,かわさき ひでと,自民,1,,,
88,東京18,菅 直人,@NaotoKan,菅直人 衆議院議員,84300,8,@user-td9bl1cv4j,菅直人事務所,238,28,https://n-kan.jp/,1946年10月10日,1,,かん なおと,立憲,14,,,
89,愛知5,神田 憲次,@kanda_kenji_,神田けんじ,2168,1929,,,,,,1963年2月19日,1,,かんだ けんじ,自民,4,,,
90,青森2,神田 潤一,@Jun1CanDo,神田潤一（衆議院議員、内閣府大臣政務官）,3524,364,@user-gi8ct7eu8e,じゅんチャンネル,413,34,https://jun1.jp/,1970年9月27日,1,,かんだ じゅんいち,自民,1,,,
91,福岡10,城井 崇,@kiitakashi,きいたかし(城井崇),6741,1371,@user-je8fm4fg7w,きいちゃんねる,200,267,https://kiitaka.net/,1973年6月23日,1,,きい たかし,立憲,4,,,
92,静岡7,城内 実,@minoru_kiuchi,城内実 (Kiuchi Minoru),24300,54,@kiuchichannel,城内実チャンネル,7800,66,https://www.m-kiuchi.com/,1965年4月19日,1,,きうち みのる,自民,6,,,
93,埼玉3,黄川田 仁志,@kikawadahitoshi,きかわだひとし（黄川田仁志）埼玉3区,10400,57,@kikawadahitoshi,きかわだひとし,388,73,http://www.kikawadahitoshi.jp/,1970年10月13日,1,,きかわだ ひとし,自民,4,,,
94,新潟4,菊田 真紀子,@kikuta_official,菊田まきこ,5308,352,@user-vr6sw7yd7y,菊田真紀子,144,93,https://kikuta-makiko.net/,1969年10月24日,2,,きくた まきこ,立憲,7,,,
95,山口2,岸 信千世,@KishiNobuo,岸 信夫,265400,203,@user-dk2bw5fq3k,岸信夫【公式チャンネル】,1430,10,,1959年4月1日,1,,きし のぶちよ,自民,1,,,
96,広島1,岸田 文雄,@kishida230,岸田文雄,742000,467,@kishidafumio230,岸田文雄,20800,339,https://kishida.gr.jp/,1957年7月29日,1,,きしだ ふみお,自民,10,,,
97,京都4,北神 圭朗,@kitagamikeiro,北神圭朗（北神けいろう）京都４区,6447,4819,@keirou.kitagami,北神けいろう の 正心誠意,3470,265,https://www.kitagami.gr.jp/,1967年2月1日,1,,きたがみ けいろう,有志,4,,,
98,大阪16,北側 一雄,@kitagawa_kazuo,大阪16区 北がわ一雄(堺市堺区・堺市東区・堺市北区),14900,494,@kitagawachannel_sakai,衆議院議員 北がわ一雄 チャンネル,3160,95,https://kitagawa-sakai.jp/,1953年3月2日,1,,きたがわ かずお,公明,10,,,
99,東京20,木原 誠二,@kihara_seiji,木原　誠二,27100,331,@kiharaseiji,自民党 木原誠二,766,62,https://kiharaseiji.com/,1970年6月8日,1,,きはら せいじ,自民,5,,,
100,熊本1,木原 稔,@kihara_minoru,木原みのる(木原稔),23400,222,@kiharaminoruTV,木原みのるTV,383,41,https://kiharaminoru.jp/,1969年8月12日,1,,きはら みのる,自民,5,,,
101,青森3,木村 次郎,@jiro_kimura_,木村次郎,810,30,,,,,https://www.jiro-k.jp/,1967年12月16日,1,,きむら じろう,自民,2,,,
102,大分1,吉良 州司,,,,,@kirashuji,吉良州司,115,52,https://kirashuji.com/,1958年3月16日,1,,きら しゅうじ,有志,6,,,
103,愛知4,工藤 彰三,,,,,,,,,https://www.kudoshozo.com/,1964年12月8日,1,,くどう しょうぞう,自民,4,,,
104,大阪5,國重 徹,@ToruKunishige,国重とおる（大阪５区）,15300,115,,,,,https://kunishige-toru.com/,1974年11月23日,1,,くにしげ とおる,公明,4,,,
105,茨城6,国光 あやの,@ayano_kunimitsu,国光あやの,3493,461,@user-iq9wu6pr7z,衆議院議員国光あやのチャンネル,425,98,https://kunimitsu-ayano.jp/,1979年3月20日,2,,くにみつ あやの,自民,2,,,
106,愛知1,熊田 裕通,@kumada_aichi1,くまだ裕通【公式】愛知1区(名古屋市東区・北区・西区・中区)自民党衆議院議員,664,48,@user-nd5dr9qn5e,くまだ裕通【公式】愛知1区(名古屋市東区・北区・西区・中区)自民党衆議院議員,54,40,https://www.kumada-hiromichi.com/,1964年8月28日,1,,くまだ ひろみち,自民,4,,,
107,福島3,玄葉 光一郎,,,,,,,,,http://www.kgemba.com/,1964年5月20日,1,,げんば こういちろう,立憲,10,,,
108,静岡8,源馬 謙太郎,@gemmakentaro,源馬謙太郎（げんまけんたろう）🏝衆議院議員｜静岡8区（浜松市中区・東区・南区）,7529,1281,,,,,https://gemma-kentaro.com/,1972年12月21日,1,,げんま けんたろう,立憲,2,,,
109,神奈川11,小泉 進次郎,@shinjirokoiz,Shinjiro Koizumi,16800,107,,,,,https://shinjiro.info/,1981年4月14日,1,,こいずみ しんじろう,自民,5,,アメブロ,https://ameblo.jp/koizumi-shinjiro/
110,埼玉11,小泉 龍司,,,,,@user-md3yw8gr8m,小泉りゅうじチャンネル,118,32,https://www.ryuji.org/,1952年9月17日,1,,こいずみ りゅうじ,自民,7,,,
111,神奈川15,河野 太郎,@konotarogomame,河野太郎,2600000,811,@KonoTaroGomame,KonoTaroGomame,178000,83,https://www.taro.org/,1963年1月10日,1,,こうの たろう,自民,9,,,
112,山口1,高村 正大,,,,,,,,,https://www.komura-masahiro.jp/,1970年11月14日,1,,こうむら まさひろ,自民,2,,,
113,福岡3,古賀 篤,@kogaatsushi,古賀 篤 (古賀あつし),3814,38,@user-ef4cz5ws7e,衆議院議員 古賀あつしチャンネル,201,27,https://kogaatsushi.com/,1972年7月14日,1,,こが あつし,自民,4,,,
114,滋賀4,小寺 裕雄,,,,,,,,,https://koterahiroo.net/,1960年9月18日,1,,こてら ひろお,自民,2,,,
115,長野4,後藤 茂之,@Goto_Shigeyuki,後藤しげゆき（事務所）,1089,189,,,,,https://www.510.to/,1955年12月9日,1,,ごとう しげゆき,自民,7,,,
116,神奈川16,後藤 祐一,@yuichi510510,ごとう祐一・立憲民主党,2706,56,@user-wo1sk7kp8u,ごとう祐一　公式チャンネル,60,24,https://www.jitsugen.jp/,1969年3月25日,1,,ごとう ゆういち,立憲,5,,,
117,千葉2,小林 鷹之,@kobahawk,小林鷹之,46900,245,@kobahawkchannel,たかゆきチャンネル,968,96,https://kobayashi-takayuki.jp/,1974年11月29日,1,,こばやし たかゆき,自民,4,,,
118,広島7,小林 史明,@kb2474,小林史明（衆議院議員/広島7区/福山市）,24977,1555,@fumiaki5884,衆議院議員 小林史明,889,95,https://fumiaki-kobayashi.jp/,1983年4月8日,1,,こばやし ふみあき,自民,4,,,
119,石川1,小森 卓郎,@takuokomori_1,小森卓郎（こもりたくお）　衆議院議員石川1区,154,18,@user-re5ez2jf7q,小森たくお,29,6,https://komoritakuo.jp/,1970年5月21日,1,,こもり たくお,自民,1,,,
120,静岡3,小山 展弘,@n_koyama1,小山展弘,3174,6129,@user-hj6wn2jy5x,小山展弘,89,170,https://www.n-koyama.com/,1970年5月21日,1,,こやま のぶひろ,立憲,3,,,
121,愛知3,近藤 昭一,@kondo_shoichi,近藤昭一(衆議院議員・愛知3区・立憲民主党),4711,640,@user-mc4iv7yh6r,こんちゃんチャンネル,128,119,https://www.kon-chan.org/,1958年5月26日,1,,こんどう しょういち,立憲,9,,,
122,千葉7,齋藤 健,@saitou_ken,さいとう犬,4544,71,@user-ii1mo4rc2t,さいとう犬,281,20,https://saito-ken.jp/,1959年6月14日,1,,さいとう けん,自民,5,,,
123,広島3,斉藤 鉄夫,@saitotetsuo,斉藤てつお (衆議院議員 党広島3区総支部長),18500,2246,@3110tetsuo,斉藤てつおチャンネル,4080,111,https://www.saitotetsuo.com/,1952年2月5日,1,,さいとう てつお,公明,10,,,
124,新潟3,斎藤 洋明,@saito_hiroaki_,さいとう洋明,3562,1295,,,,,http://www.saitoh-hiroaki.jp/,1976年12月8日,1,,さいとう ひろあき,自民,4,,,
125,神奈川5,坂井 学,@sakai_manabu,さかい学（坂井 学）,4817,78,@sakaimanabu,【公式】さかい学チャンネル,360,225,https://sakaimanabu.com/,1965年9月4日,1,,さかい まなぶ,自民,5,,,
126,熊本3,坂本 哲志,,,,,@tesakamoto9486,te sakamoto,7,1,https://tetusi.com/,1950年11月6日,1,,さかもと てつし,自民,7,,,
127,群馬3,笹川 博義,,,,,@user-mh4ij6ww9t,笹川ひろよし公式チャンネル,19,15,https://www.sasagawa-hiroyoshi.com/,1966年8月29日,1,,ささがわ ひろよし,自民,4,,,
128,石川2,佐々木 紀,@hajime24331,佐々木紀（ささきはじめ）,5341,63,,,,,https://sasaki-hajime.jp/,1974年10月18日,1,,ささき はじめ,自民,4,,,
129,広島6,佐藤 公治,@kouji_satou,佐藤こうじ,2569,403,@user-ev7ut1kc6i,こうじさとう,27,5,https://satoukouji.com/,1959年7月28日,１,,さとう こうじ,立憲,4,,,
130,大阪3,佐藤 茂樹,@shigeki3468,佐藤しげき,9573,71,,,,,http://sato-shigeki.com/,1959年6月8日,1,,さとう しげき,公明,10,,,
131,栃木4,佐藤 勉,@satotsutomu310,さとう勉事務所,297,13,,,,,https://www.satoben.jp/,1952年6月20日,1,,さとう つとむ,自民,9,,,
132,愛媛1,塩崎 彰久,@AkihisaShiozaki,塩崎あきひさ 【衆議院議員・愛媛1区】,11006,1577,,,,,https://akihisa-shiozaki.jp/,1976年9月9日,1,,しおざき あきひさ,自民,1,,,
133,愛知12,重徳 和彦,@shigetoku2,重徳和彦(しげとく和彦)/衆議院議員,5366,3327,@shigetokukazuhiko,shigetokukazuhiko,88,46,https://shigetoku.sainohito.com/,1970年12月21日,１,,しげとく かずひこ,立憲,4,,,
134,岩手1,階 猛,,,,,@ShinaTV,しなたけしチャンネル,345,159,https://shina.jp/a/,1966年10月7日,1,,しな たけし,立憲,6,,,
135,神奈川1,篠原 豪,@go_shinohara,神奈川1区 衆議院議員 しのはら豪(Let’sGO！) 篠原豪,4434,509,,,,,https://lets-go-yokohama.jp/,1975年2月12日,１,,しのはら ごう,立憲,3,,,
136,埼玉8,柴山 昌彦,@shiba_masa,柴山昌彦,47600,29,@user-up3uh9rt6n,48チャンネル(衆議院議員しばやま昌彦),43,10,https://www.shibamasa.net/,1965年12月5日,1,,しばやま まさひこ,自民,7,,,
137,沖縄3,島尻 安伊子,@shimajiriaiko,島尻あい子 衆議院議員【公式】,4690,259,@user-qf3lk3cu6k,島尻あい子,157,36,https://lit.link/shimajiriaiko,1965年3月4日,２,,しまじり あいこ,自民,1,,,
138,長野2,下条 みつ,@mitsumatsumoto2,衆議院議員 下条 みつ,1344,422,,,,,http://mitsu-net.com/,1955年12月29日,1,,しもじょう みつ,立憲,5,,,
139,東京11,下村 博文,@hakubun_s,下村博文,5252,76,@monosashi4421,MONOSASHI,127,24,https://www.hakubun.biz/,1954年5月23日,１,,しもむら はくぶん,自民,9,,,
140,広島4,新谷 正義,@Shintani_dr,新谷正義（しんたに　まさよし）,684,1,@user-cp8bm3xd1x,新谷正義,39,21,http://shintani-m.jp/,1975年3月8日,1,,しんたに まさよし,自民,4,,,
141,埼玉2,新藤 義孝,@shindo_y,新藤　義孝,67500,983,@shindoyoshitaka,shindoyoshitaka,2680,435,https://www.shindo.gr.jp/,1958年1月20日,１,,しんどう よしたか,自民,8,,,
142,東京19,末松 義規,@9999suematsu,末松義規　衆議院議員(小平市･国分寺市・国立市)【東京19区】,3579,796,,,,,https://www.y-sue.net/71719/,1956年12月5日,1,,すえまつ よしのり,立憲,7,,,
143,神奈川2,菅 義偉,@sugawitter,菅 義偉,677500,27,,,,,https://www.sugayoshihide.gr.jp/,1948年12月6日,1,,すが よしひで,自民,9,,,
144,三重4,鈴木 英敬,@eikeisuzuki,すずき英敬（えいけい）,65400,6070,@user-cr8pk1ho8m,えいけいチャンネル｜鈴木英敬,654,29,https://eikei.jp/,1974年8月15日,1,,すずき えいけい,自民,1,,,
145,神奈川7,鈴木 馨祐,@SuzukiKeisukeMP,鈴木馨祐(けいすけ),4576,100,@Keisukechannel,Keisukechannel,200,57,https://www.suzukikeisuke.jp/,1977年2月9日,１,,すずき けいすけ,自民,5,,,
146,岩手2,鈴木 俊一,,,,,,,,,https://suzukishunichi.jp/,1953年4月13日,1,,すずき しゅんいち,自民,10,,,
147,愛知7,鈴木 淳司,@jyunji_suzuki,鈴木じゅんじ,5893,101,,,,,https://suzukaze.net/,1958年4月7日,１,,すずき じゅんじ,自民,6,,,
148,山形2,鈴木 憲和,@norikazu_0130,鈴木憲和,1408,213,@tv-bu7ts,すずきのりかずtv,270,17,https://suzuki-norikazu.com/,1982年1月30日,1,,すずき のりかず,自民,4,,,
149,東京10,鈴木 隼人,@HYT4ALL,衆議院議員 鈴木隼人（自民党東京10区）すずきはやと,4551,570,@user-ne5hm9mk9o,【衆議院議員】鈴木隼人,149,43,https://www.suzukihayato.jp/,1977年8月8日,1,,すずき はやと,自民,3,,,
150,兵庫3,関 芳弘,@sekiyoshihiro,関芳弘 ✳️自民党✳️兵庫３区⛴🌊(神戸市須磨区・垂水区）,9107,1614,@sekiyoshihiro,芳弘関,32,8,https://3ku-seki.com/,1965年6月7日,1,,せき よしひろ,自民,5,,,
151,東京4,平 将明,@TAIRAMASAAKI,平将明（たいらまさあき/Taira Masaaki）,105700,1858,@tairamasaaki,平将明チャンネル,6080,78,https://www.taira-m.jp/,1967年2月21日,1,,たいら まさあき,自民,6,,,
152,奈良2,高市 早苗,@takaichi_sanae,高市早苗,602000,1,@user-tb6ri8gb5h,高市早苗チャンネル,189000,231,https://www.sanae.gr.jp/,1961年3月7日,2,,たかいち さなえ,自民,9,,,
153,福井2,高木 毅,,,,,,,,,http://www.takagitsuyoshi.jp/,1956年1月16日,1,,たかぎ つよし,自民,8,,,
154,北海道3,高木 宏壽,@takagi_hirohisa,高木ひろひさ（北海道3区：白石区・豊平区・清田区）,2457,95,@user-eg3bw3bg4y,高木ひろひさ YouTubeチャンネル,239,55,https://www.hirohisa-takagi.jp/,1960年4月9日,1,,たかぎ ひろひさ,自民,3,,,
155,島根2,高見 康裕,@TAKAMI_yasuhiro,高見康裕（衆議院議員）,1612,422,,,,,https://takami-yasuhiro.com/,1980年10月16日,1,,たかみ やすひろ,自民,1,,,
156,福岡11,武田 良太,,,,,,,,,https://www.ryota.gr.jp/,1968年4月1日,1,,たけだ りょうた,自民,7,,,
157,北海道12,武部 新,@takebearata,武部新,4164,137,@user-lh3bl7tf4i,武部あらた,371,67,https://takebe-arata.com/,1970年7月20日,1,,たけべ あらた,自民,4,,,
158,滋賀3,武村 展英,@nobu_takemura,武村展英（のぶひで）,2112,927,,,,,https://nobuhide.com/,1972年1月21日,1,,たけむら のぶひで,自民,4,,,
159,千葉1,田嶋 要,@kanametajima,たじま要,12900,4979,@user-bs2ib7ot7w,たじま要,194,81,https://k-tajima.net/,1961年9月22日,1,,たじま かなめ,立憲,7,,,
160,富山3,橘 慶一郎,,,,,@user-qn2kv6hf3g,たちばな慶一郎 公式チャンネル,102,128,https://www.t-k1.net/,1961年1月23日,1,,たちばな けいいちろう,自民,5,,,
161,神奈川10,田中 和徳,@t_kazunori,田中和徳　神奈川１０区（川崎市川崎区・幸区）,4270,1475,,,,,https://tanaka-kazunori.com/,1949年1月21日,1,,たなか かずのり,自民,9,,,
162,埼玉15,田中 良生,@Tanaka_Ryosei,田中良生,4587,58,,,,,https://tanaka-ryosei.com/,1963年11月11日,1,,たなか りょうせい,自民,5,,,
163,岐阜2,棚橋 泰文,,,,,,,,,https://www.tanahashi-yasufumi.com/,1963年2月11日,1,,たなはし やすふみ,自民,9,,,
164,兵庫5,谷 公一,,,,,@tanikouichi,谷公一,18,127,https://www.tanikouichi.jp/,1952年1月28日,1,,たに こういち,自民,7,,,
165,長崎3,谷川 弥一,,,,,,,,,http://www.tanigawa81.jp/,1941年8月12日,1,,たにがわ やいち,自民,7,,,
166,奈良3,田野瀬 太道,@tanose_taido,たのせ太道事務所（公式）,112,55,,,,,https://tanose.jp/,1974年7月4日,1,,たのせ たいどう,自民,4,,,
167,富山1,田畑 裕明,@Tabata_Hiroaki,たばた裕明【選挙区は富山1区、自民党厚労部会長】,1518,218,@user-cu5es1vp7t,たばた裕明公式チャンネル,213,50,https://www.tabatahiroaki.com/,1973年1月2日,1,,たばた ひろあき,自民,4,,,
168,香川2,玉木 雄一郎,@tamakiyuichiro,玉木雄一郎（国民民主党代表）,346900,11500,@tamaki-channel,たまきチャンネル,175000,660,https://www.tamakinet.jp/,1969年5月1日,1,,たまき ゆういちろう,国民,5,,,
169,三重1,田村 憲久,,,,,@CH-lp1so,田村のりひさCH,185,17,https://tamura-norihisa.jp/,1964年12月15日,1,,たむら のりひさ,自民,9,,,
170,東京2,辻 清人,@tujikiyoto,辻清人（外務副大臣　衆議院議員　自由民主党　東京2区 ）,4921,504,@kiyoto0907,辻清人チャンネル,211,70,https://k-tsuji.jp/,1979年9月7日,1,,つじ きよと,自民,4,,,
171,東京13,土田 慎,@tsuchidashin,土田 しん / 衆議院議員(東京13区),1846,1845,,,,,https://tsuchida-shin.jp/,1990年10月30日,1,,つちだ しん,自民,1,,,
172,埼玉13,土屋 品子,@shinako_jimusho,土屋品子（つちや品子）事務所,396,6,@ShinakoTsuchiya,土屋品子,343,54,https://www.owls.jp/shinako/,1952年2月9日,2,,つちや しなこ,自民,8,,,
173,福岡5,堤 かなめ,@cdp_kaname,堤かなめ 衆議院議員（福岡5区）立憲民主党,1078,101,@user-yp7vs5zm8u,立憲民主党衆議院福岡5区総支部長　堤かなめ,28,3,https://www.kaname2010.org/,1960年10月27日,2,,つつみ かなめ,立憲,1,,,
174,東京5,手塚 仁雄,@t440_com,手塚よしお,1158,291,,,,,https://www.t440.com/,1966年9月14日,1,,てづか よしお,立憲,5,,,
175,広島5,寺田 稔,@terada124,寺田 稔（広島５区（新:４区）・衆議院議員）,6395,1229,@minoruterada,minoruterada,71,82,https://www.teradaminoru.com/index.html,1958年1月24日,1,,てらだ みのる,自民,6,,,
176,宮城1,土井 亨,@doitooru812,土井 とおる,5959,391,@user-ul1hb9cn1w,土井とおるオフィシャルチャンネル,194,11,http://www.doi-toru.com/,1958年8月12日,1,,どい とおる,自民,5,,,
177,兵庫10,渡海 紀三朗,@tokaikisaburo,渡海紀三朗 兵庫10区,181,23,@user-df6kl3fw4x,渡海紀三朗,42,31,https://kisaburo.net/,1948年2月11日,1,,とかい きさぶろう,自民,10,,,
178,秋田1,冨樫 博之,@hiroyukitogash,とがし博之,2286,26,@user-zw5it3df6p,とがし博之後援会事務所,29,53,https://www.togachan.jp/,1955年4月27日,1,,とがし ひろゆき,自民,4,,,
179,茨城7,永岡 桂子,@keiko_nagaoka,永岡 桂子,2158,39,@user-wn3xc2zh8d,永岡桂子事務所,189,30,https://keiko-nagaoka.jp/,1953年12月8日,2,,ながおか けいこ,自民,6,,,
180,愛知9,長坂 康正,@nagasakajimusho,衆議院議員 長坂やすまさ事務所,392,16,@user-by1og7jr2p,愛知９区　長坂やすまさ,17,4,http://nagasakayasumasa.com/,1957年4月10日,1,,ながさか やすまさ,自民,4,,,
181,群馬1,中曽根 康隆,@yasutaka_nksn,中曽根康隆【前防衛大臣政務官/衆議院議員/群馬1区】,7280,153,@user-wy5xh9el8r,衆議院議員 中曽根康隆 公式チャンネル,523,45,https://yasu-nakasone.com/,1982年1月19日,1,,なかそね やすたか,自民,2,,,
182,高知1,中谷 元,@gen_nakatani,中谷　元,775,1,,,,,https://nakatanigen.jp/,1957年10月14日,1,,なかたに げん,自民,11,,,
183,山梨1,中谷 真一,@nakatani80,中谷真一（自民党衆議院議員),4942,1805,@nakatanitv,nakatanitv,40,5,https://t.co/bZ23wvPW0f,1976年9月30日,1,,なかたに しんいち,自民,4,,,
184,大阪11,中司 宏,@nakatsuka_h,中司宏【衆議院議員　日本維新の会大阪11区（枚方市・交野市）】,2259,1407,@nakatsuka_hiroshi,中司宏 活動報告,171,72,https://nakatsukahiroshi.jp/,1956年3月11日,1,,なかつか ひろし,維新,1,,,
185,東京7,長妻 昭,@nagatsumaakira,長妻昭　すべての人に「居場所」と「出番」のある社会,70000,681,@nagatsumaTV,長妻 昭チャンネル,1700,500,https://naga.tv/,1960年6月14日,1,,ながつま あきら,立憲,8,,,
186,神奈川3,中西 健治,@Kenji_Nakanishi,中西けんじ　衆議院議員・自由民主党神奈川三区（鶴見区、神奈川区）支部長,7969,54,@NakanishiKenjiVideo,Kenji Nakanishi,362,441,http://www.nakanishikenji.jp/,1964年1月4日,1,,なかにし けんじ,自民,1,,,
187,埼玉7,中野 英幸,@HideNakano,中野英幸（ひでゆき）,2307,2241,@hideyukichannel,ひでゆきチャンネル,280,77,https://h-nakano.jp/,1961年9月6日,1,,なかの ひでゆき,自民,1,,,
188,兵庫8,中野 洋昌,@Hiro_NAKANO_,中野 ひろまさ,13899,935,@hiromasa-nakano,中野ひろまさ 衆議院議員 チャンネル,1600,44,http://www.nakano-hiromasa.com/,1978年1月4日,1,,なかの ひろまさ,公明,4,,,
189,北海道4,中村 裕之,@nakamurahiro3,中村裕之(衆議院議員・自民党･北海道4区選出),6605,1549,@user-yq6xq5re2h,中村裕之,447,357,https://www.hiro-nakamura.jp/,1961年2月23日,1,,なかむら ひろゆき,自民,4,,,
190,和歌山3,二階 俊博,@nikaimeyasubako,【公式】二階俊博目安箱@創藝社,,,,,,,http://www.nikai.jp/,1939年2月17日,1,,にかい としひろ,自民,13,,,
191,徳島1,仁木 博文,@nikihirobumi,【徳島１区】仁木博文　にきひろぶみ　後援会　無所属です,174,118,,,,,https://nikihirobumi.jp/,1966年5月23日,1,,にき ひろぶみ,自民,2,,,
192,長崎1,西岡 秀子,,,,,,,,,https://nishiokahideko.com/,1964年3月15日,2,,にしおか ひでこ,国民,2,,,
193,石川3,西田 昭二,@hatibe47,西田 昭二,1485,1516,@user-pp5rl8ve4b,にしだ 昭二,142,253,https://www.nishida-syoji.jp/,1969年5月1日,1,,にしだ しょうじ,自民,2,,,
194,熊本2,西野 太亮,@nishino_daisuke,西野だいすけ@衆議院 熊本2区,1522,142,@user-qy7zz7ej6l,西野だいすけ公式チャンネル,244,22,https://daisukenishino.kumamoto.jp/,1978年9月22日,1,,にしの だいすけ,自民,1,,,
195,宮城3,西村 明宏,,,,,@user-mv3dp4ze2b,自民党 衆議院議員候補（宮城県第3区） 西村あきひろ,16,6,https://www.a-nishimura.jp/,1960年7月16日,1,,にしむら あきひろ,自民,6,,,
196,新潟1,西村 智奈美,@chinami_niigata,西村ちなみ　立憲民主党,29700,775,@chinaminet,西村ちなみ,1110,358,https://www.chinami.net/,1970年11月18日,2,,にしむら ちなみ,立憲,6,,,
197,兵庫9,西村 康稔,@nishy03,西村やすとし NISHIMURA Yasutoshi,102800,464,@nishyYasutoshi,nishyYasutoshi,752,1200,https://www.yasutoshi.jp/,1962年10月15日,1,,にしむら やすとし,自民,7,,,
198,沖縄4,西銘 恒三郎,@NishimeKosaburo,西銘恒三郎 Kosaburo NISHIME,2750,394,,,,,http://nishime-k.com/,1954年8月7日,1,,にしめ こうさぶろう,自民,6,,,
199,愛知6,丹羽 秀樹,@niwajimusyo,丹羽ひでき事務所,1619,11,,,,,http://2wa.jp/,1972年12月20日,1,,にわ ひでき,自民,6,,,
200,茨城2,額賀 福志郎,@2946nukaga,額賀 福志郎,955,36,@user-es4uv5rf4b,額賀福志郎,27,15,https://www.nukaga-fukushiro.jp/,1944年1月11日,1,,ぬかが ふくしろう,自民,13,,,
201,福島2,根本 匠,@t_nemoto_office,根本匠（衆議院議員/自由民主党/福島2区）,953,326,@takuminemoto2352,Takumi Nemoto,47,59,https://www.t-nemoto.com/,1951年3月7日,1,,ねもと たくみ,自民,9,,,
202,愛知15,根本 幸典,@nemotoyukinori,根本幸典【衆議院議員】,3461,481,@user-xo5kw4es2n,根本幸典【衆議院議員】,371,26,https://nemoto-yukinori.com/,1965年2月21日,1,,ねもと ゆきのり,自民,4,,,
203,岐阜1,野田 聖子,@noda_seiko93,野田聖子,31500,597,@user-gr8wb6tm2k,野田聖子チャンネル公式,394,49,https://www.noda-seiko.gr.jp/,1960年9月3日,2,,のだ せいこ,自民,10,,,
204,千葉4,野田 佳彦,@NODAYOSHI55,野田よしひこ,22500,54,@YoshihikoNodaOfficial,"Yoshihiko Noda, Former PM of Japan",22,3,https://www.nodayoshi.gr.jp/,1957年5月20日,1,,のだ よしひこ,立憲,9,,,
205,鹿児島3,野間 健,@iT2id4lCBHRq1l5,野間たけし,472,72,,,,,http://noma-takeshi.jp/,1958年10月8日,1,,のま たけし,立憲,3,,,
206,東京24,萩生田 光一,@hagiuda_ko1,はぎうだ光一（自民党・東京24区）,885,3,@user-jd6vv7lw8u,はぎうだ光一のこのごろ,3550,,https://www.ko-1.jp/,1963年8月31日,1,,はぎうだ こういち,自民,6,,,
207,岡山4,橋本 岳,@ga9_h,はしもとがく（橋本岳）,14200,1360,,,,,http://ga9.cocolog-nifty.com/blog/,1974年2月5日,1,,はしもと がく,自民,5,,,
208,愛媛4,長谷川 淳二,@HasegawaJunji,長谷川じゅんじ＠衆議院議員🍊,566,228,@user-zd9ew1cb7i,長谷川じゅんじ,53,26,https://www.hasegawa-junji.com/,1968年8月5日,1,,はせがわ じゅんじ,自民,1,,,
209,福岡6,鳩山 二郎,@HatoyamaJiro,鳩山二郎,100,1,,,,,https://www.hatoyamajiro.com/,1979年1月1日,1,,はとやま じろう,自民,3,,,
210,茨城3,葉梨 康弘,@874ibaraki,葉梨康弘（自由民主党　衆議院議員　茨城3区）,1342,44,@user-xf3qt5bp6r,葉梨康弘,252,75,https://www.hanashiyasuhiro.com/category/activity/page/5,1959年10月12日,1,,はなし やすひろ,自民,6,,,
211,大阪17,馬場 伸幸,@baba_ishin,馬場 伸幸（ばばのぶゆき 日本維新の会）,44336,1258,@user-xb5sj2qo9q,維新の馬場ちゃんねる,2650,53,https://baba-nobuyuki.com/,1965年1月27日,1,,ばば のぶゆき,維新,4,,,
212,千葉12,浜田 靖一,@hamaday_staff,浜田靖一（スタッフ）,490,28,,,,,http://office-hamada.jp/,1955年10月21日,1,,はまだ やすかず,自民,10,,,
213,千葉10,林 幹雄,,,,,,,,,https://www.hayashimotoo.jp/,1947年1月3日,1,,はやし もとお,自民,10,,,
214,和歌山1,林 佑美,@yumih0087,林ゆみ（日本維新の会 衆議院和歌山１区）,2089,251,,,,,https://nippon-ishin.jp/y-hayashi/,1981年5月12日,２,,はやし ゆみ,維新,1,,,
215,山口3,林 芳正,@hayashi09615064,林芳正,19883,39,@hayashiyoshimasa,hayashiyoshimasa,235,47,https://www.yoshimasa.com/,1961年1月19日,1,,はやし よしまさ,自民,1,,,
216,佐賀1,原口 一博,@kharaguchi,原口　一博,315262,6507,@kharaguchi,原口一博,76500,6900,http://haraguti.com/,1959年7月2日,1,,はらぐち かずひろ,立憲,9,,,
217,広島2,平口 洋,@hiraguchi0801,平口 洋（ひらぐちひろし）衆議院議員/広島２区/５期,930,95,,,,,https://www.hiraguchi.com/,1948年8月1日,1,,ひらぐち ひろし,自民,5,,,
218,東京17,平沢 勝栄,@katsueihirasawa,平沢勝栄,3241,11,@webtv6414,WEBTV平沢勝栄チャンネル,61,143,https://hirasawa.net/,1945年9月4日,1,,ひらさわ かつえい,自民,9,,,
219,岡山3,平沼 正二郎,@HiranumaShojiro,平沼正二郎,3444,460,@user-yq6zy1lw3v,平沼正二郎,283,19,https://shojiro.info/,1979年11月11日,1,,ひらぬま しょうじろう,自民,1,,,
220,静岡4,深澤 陽一,@fukazawayoichi,ふかざわ陽一（深澤陽一・深沢陽一）,2282,139,@user-th7pz4pb8s,ふかざわ陽一公式,102,58,y-fukazawa.jp,1976年6月21日,1,,ふかざわ よういち,自民,2,,,
221,茨城1,福島 伸享,@fukuchan_ib,衆議院議員 福島伸享（のぶゆき）後援会,1618,635,@user-ws9vy5hv4s,衆議院議員 福島のぶゆき,1550,124,https://fukushima-nobuyuki.com/,1970年8月8日,1,,ふくしま のぶゆき,有志,3,,,
222,栃木2,福田 昭夫,@fukuda_tochigi,福田あきお【衆議院議員／栃木２区】立憲民主党,175,48,@user-rd5wf6nw5i,福田あきお この国のための挑戦!,111,4,https://www.fukudaa-houtoku.com/,1948年4月17日,1,,ふくだ あきお,立憲,6,,,
223,群馬4,福田 達夫,@Fukuda19670305,福田達夫【衆議院議員・群馬４区】,5954,69,@user-oe1om2zh7d,福田達夫公式チャンネル,534,43,https://tatsuo-f.jp/,1967年3月5日,1,,ふくだ たつお,自民,4,,,
224,兵庫4,藤井 比早之,@FujiiHisayuki,藤井ひさゆき（ふじいひさゆき）,4179,3305,,,,,https://fujiihisayuki.jp/,1971年9月11日,1,,ふじい ひさゆき,自民,4,,,
225,大阪12,藤田 文武,@fumi_fuji,藤田文武(日本維新の会 幹事長),30500,664,,,,,https://fumitakefujita.com/,1980年12月27日,1,,ふじた ふみたけ,維新,2,,,
226,福岡7,藤丸 敏,@fujimarusatoshi,藤丸さとし(大牟田事務所),74,3,@user-nj3ti7gs2c,藤丸さとし公式YouTubeチャンネル,141,35,https://fujimaru-satoshi.net/,1960年1月19日,1,,ふじまる さとし,自民,4,,,
227,岩手3,藤原 崇,@iwate_fujiwara,藤原 崇 （ふじわら　たかし）衆議院議員,4497,525,@TV-iq5vw,藤原たかしTV,262,45,https://takasi.info/index.html,1983年8月2日,1,,ふじわら たかし,自民,4,,,
228,神奈川13,太 栄志,@h_futori,太 栄志（ふとり・ひでし）衆議院議員・立憲民主党,4452,536,@user-gu3dp7li9h,太ひでしの”若者と政治家をつなぐ！”,93,18,http://futori.net/,1977年4月27日,1,,ふとり ひでし,立憲,1,,,
229,栃木1,船田 元,,,,,@user-in4qp1lz2h,船田はじめチャンネル,64,5,https://funada.org/funadapress/,1953年11月22日,1,,ふなだ はじめ,自民,13,,,
230,神奈川6,古川 直季,@FurukawaNaoki,古川直季(ふるかわ・なおき),2425,2292,,,,,https://furukawa2002.com/,1968年8月31日,1,,ふるかわ なおき,自民,1,,,
231,愛知2,古川 元久,@Fullgen,古川元久 (Moto Furukawa),10900,169,@MotohisaFurukawa,MotohisaFurukawa,510,115,https://furukawa.cc/,1965年12月6日,1,,ふるかわ もとひさ,国民,9,,,
232,宮崎3,古川 禎久,,,,,,,,,http://www.furukawa-yoshihisa.com/,1965年8月3日,1,,ふるかわ よしひさ,自民,7,,,
233,岐阜5,古屋 圭司,@Furuya_keiji,古屋圭司,25300,13,@user-dh7eu4xm7r,古屋圭司,2490,44,http://www.furuya-keiji.jp/,1952年11月1日,1,,ふるや けいじ,自民,11,,,
234,埼玉4,穂坂 泰,@Hosaka_saitama4,衆議院議員ほさかやすし(埼玉4区),2608,1441,@CHANNEL-ho7pt,衆議院議員 ほさかやすし CHANNEL,934,187,https://www.hosakayasushi.com/,1974年2月17日,1,,ほさか やすし,自民,2,,,
235,新潟2,細田 健一,@hosoda_kenichi,細田健一,11600,460,@user-yk7yi8ol2y,細田健一,110,16,https://hosoda-kenichi.jp/,1964年7月11日,1,,ほそだ けんいち,自民,4,,,
236,島根1,細田 博之,@HosodaHiroyuki,細田博之,3401,0,@user-fl2un9lb1l,細田博之チャンネル,301,14,https://h-hosoda.jp/,1944年4月5日,1,,ほそだ ひろゆき,無,11,,,
237,静岡5,細野 豪志,@hosono_54,細野豪志,131000,703,@hosono_54,細野豪志チャンネル,11200,184,https://www.gohosono.com/,1971年8月21日,1,,ほその ごうし,自民,8,,,
238,山梨2,堀内 詔子,@genkihoriuchi,堀内のり子@山梨2区 衆議院議員,7800,402,@4cloversociety,堀内のり子 公式動画アーカイブス,61,15,https://genkihoriuchi.com/,1965年10月28日,2,,ほりうち のりこ,自民,4,,,
239,千葉8,本庄 知史,@honjosatoshi,本庄さとし 衆議院議員（千葉8区、立憲民主党）,3167,814,@user-ty7sv5in3p,衆議院議員 本庄さとし公式チャンネル,66,42,https://www.honjosatoshi.jp/,1974年10月22日,1,,ほんじょう さとし,立憲,1,,,
240,京都5,本田 太郎,@kyoto_honda,本田太郎(衆議院議員),586,13,@user-yz8sj5fw3j,本田太郎チャンネル,238,35,https://www.honda-taro.jp/,1973年12月1日,1,,ほんだ たろう,自民,2,,,
241,京都2,前原 誠司,@Maehara2016,前原誠司,37800,239,@official-dj1tp,前原誠司チャンネル　official,2080,166,https://www.maehara21.com/,1962年4月30日,1,,まえはら せいじ,国民,10,,,
242,神奈川17,牧島 かれん,@makishimakaren,牧島かれん,29300,5441,@MakishimaOffice,牧島かれん,241,74,https://makishimakaren.com/,1976年11月1日,2,,まきしま かれん,自民,4,,,
243,北海道2,松木けんこう,@kenkou64865187,松木けんこう 衆議院議員　立憲民主党北海道第2区総支部代表,5266,1843,@user-bc2iy2sv1i,衆議院議員松木けんこう 《しあわせの土台づくり》,104,14,https://kenko-matsuki.com/,1959年2月22日,1,,まつき けんこう,立憲,6,,,
244,東京14,松島 みどり,@matusimamidori,松島みどり 東京14区　衆議院議員,9901,880,@user-kv4ne5un7m,松島みどり,51,104,https://www.matsushima-midori.jp/,1956年7月15日,2,,まつしま みどり,自民,7,,,
245,千葉3,松野 博一,@MatsunoHirokazu,松野博一,7953,131,,,,,https://www.hiro-matsuno.net/,1962年9月13日,1,,まつの ひろかず,自民,8,,,
246,東京3,松原 仁,@matsubarajin731,松原仁（衆議院議員 無所属 東京26区 目黒区・大田区）まつばら仁,44800,4327,@user-jl3wk1ho7i,松原仁のジンジンちゃんねる 東京26区,16200,524,https://www.jin-m.com/,1956年7月31日,1,,まつばら じん,立憲,8,,,
247,兵庫11,松本 剛明,,,,,@user-yn6pk3xq2s,松本たけあき公式チャンネル,103,6,https://m-takeaki.jp/,1959年4月25日,1,,まつもと たけあき,自民,8,,,
248,千葉13,松本 尚,@hmatsu63,松本ひさし／ドクターヘリ,8494,86,@view9811,"衆議院議員 松本ひさしの""行動view""",2790,48,https://www.matsumotohisashi.com/,1962年6月3日,1,,まつもと ひさし,自民,1,,,
249,奈良1,馬淵 澄夫,@mabuchi_sumio,馬淵澄夫(まぶちすみお),46700,545,@mabuchisumio-channel,まぶっちゃんねる,1970,217,https://mabuti.net/,1960年8月23日,1,,まぶち すみお,立憲,7,,,
250,鹿児島2,三反園 訓,@satoshimitazono,みたぞのさとし　衆議院議員,4,1,@user-cc7sz3ob7h,みたぞのさとし後援会事務所,17,16,https://mitazono.jp/,1958年2月13日,1,,みたぞの さとし,自民,1,,,
251,北海道1,道下 大樹,@michishitadaiki,道下大樹（みちしただいき）立憲民主党　衆議院議員（北海道１区）,2583,272,,,,,https://www.michishita-daiki.jp/,1975年12月24日,1,,みちした だいき,立憲,2,,,
252,埼玉14,三ッ林 裕巳,,,,,@user-pk9qj2ny8c,三ツ林ひろみ,6,1,https://www.h-mitsubayashi.com/,1955年9月7日,1,,みつばやし ひろみ,自民,4,,,
253,秋田2,緑川 貴士,@green_river15t,🟩衆議院議員 緑川たかし👹秋田なまはげ,1557,1052,@user-kc8wc1fe1j,緑川たかし事務所,14,1,https://midori-kawa.jp/,1985年1月10日,1,,みどりかわ たかし,立憲,2,,,
254,大阪4,美延 映夫,@minobeteruo,ミノベテルオ,2619,482,@user-zt2uv3fn5z,テルオちゃんネル,1,1,https://www.minobe-teruo.com/,1961年5月23日,1,,みのべ てるお,維新,2,,,
255,秋田3,御法川 信英,@minorikawa_nobu,みのり川 信英,1157,301,,,,,https://minorikawa.jp/,1964年5月25日,1,,みのりかわ のぶひで,自民,6,,,
256,福岡4,宮内 秀樹,@MiyauchiHideki,宮内秀樹,2561,111,@MiyauchiHideki,宮内秀樹,99,38,https://miyauchihideki.jp/,1962年10月19日,1,,みやうち ひでき,自民,4,,,
257,鹿児島1,宮路 拓馬,@miyajitakuma,みやじ拓馬(前内閣府大臣政務官/鹿児島1区/鹿児島市),4047,1142,@user-ly5he1vg2i,みやじ拓馬,224,21,https://miyaji-takuma.com/,1979年12月6日,1,,みやじ たくま,自民,3,,,
258,長野5,宮下 一郎,@michirojim,宮下　一郎（衆議院議員）,1553,1182,@miyashitaichiro,宮下一郎事務所,86,37,https://www.m-ichiro.jp/,1958年8月1日,1,,みやした いちろう,自民,6,,,
259,岐阜3,武藤 容治,@mutouyouji,武藤容治,4265,,,,,,https://mutou-youji.jp/,1955年10月18日,1,,むとう ようじ,自民,5,,,
260,埼玉1,村井 英樹,@muraihideki,村井英樹（内閣官房副長官 / 埼玉１区 / さいたま市）,7978,145,@user-nw1zn8jf1w,村井英樹,363,11,https://muraihideki.com/,1980年5月14日,1,,むらい ひでき,自民,4,,,
261,愛媛2,村上 誠一郎,,,,,,,,,https://sei-murakami.jp/,1952年5月11日,1,,むらかみ せいいちろう,自民,12,,,
262,栃木5,茂木 敏充,@moteging,茂木敏充,84200,81,,,,,https://motegi.gr.jp/,1955年10月7日,1,,もてぎ としみつ,自民,10,,,
263,千葉11,森 英介,,,,,,,,,http://www.morieisuke.com/,1948年8月31日,1,,もり えいすけ,自民,11,,,
264,大阪2,守島 正,@morishima_staff,日本維新の会 守島正 事務所(衆議院大阪2区),792,29,@user-wc7ts5qg9e,守島正公式YouTubeチャンネル,94,34,http://t-morishima.net/,1981年7月15日,1,,もりしま ただし,維新,1,,,
265,埼玉12,森田 俊和,@mori_morita,森田としかず,2183,1429,,,,,https://www.morita-toshikazu.com/,1974年9月19日,1,,もりた としかず,立憲,2,,,
266,鹿児島4,森山 裕,,,,,,,,,https://www.moriyama-hiroshi.com/,1945年4月8日,1,,もりやま ひろし,自民,7,,,
267,愛知11,八木 哲也,@t_yagi_aichi,八木てつや,210,122,@user-xw2pu4ru7y,八木ちゃんねる,205,49,https://yagi-tetsuya.net/,1947年8月10日,1,,やぎ てつや,自民,4,,,
268,栃木3,簗 和生,,,,,,,,,https://www.yanakazuo.net/,1979年4月22日,1,,やな かずお,自民,4,,,
269,北海道9,山岡 達丸,@tatumaru1979,山岡達丸を応援する会(衆議院北海道9区),1254,498,@user-ow4gz7gw3g,山岡達丸を応援する会,30,20,https://yamaoka-tatsumaru.com/,1979年7月22日,1,,やまおか たつまる,立憲,3,,,
270,東京9,山岸 一生,@isseiyamagishi,山岸一生 【 衆議院議員 立憲民主党 】 東京9区 （練馬区 西部）,18900,5363,,,,,https://yamagishi-issei.jp/,1981年8月28日,1,,やまぎし いっせい,立憲,1,,,
271,神奈川18,山際 大志郎,@yamagiwa001,山際 大志郎,6326,200,@user-mp6lx8fo6m,山際大志郎まっしぐらチャンネル,89,6,https://www.yamagiwa-daishiro.jp/,1968年9月12日,1,,やまぎわ だいしろう,自民,6,,,
272,徳島2,山口 俊一,,,,,,,,,https://www.yamashun.jp/,1950年2月28日,1,,やまぐち しゅんいち,自民,11,,,
273,埼玉10,山口 晋,@yamaguchisusumu,山口すすむ 衆議院議員 自民党埼玉県第10区支部長,1326,112,,,,,https://yamaguchisusumu.jp/,1983年7月28日,1,,やまぐち すすむ,自民,1,,,
274,兵庫12,山口 壯,@244yamaguchi,山口 壯（山口つよし）,2085,22,@TsuyoshiYamaguchiCh,"Tsuyoshi Yamaguchi, member of the House of Representatives",346,65,https://mission21.gr.jp/,1954年10月3日,1,,やまぐち つよし,自民,7,,,
275,岡山2,山下 貴司,@YAMASHITA_OK,山下たかし,8530,296,@user-cq6hs1iq7s,突破力チャンネル【山下たかし】,240,133,https://yamashita-takashi.jp/,1965年9月8日,1,,やました たかし,自民,4,,,
276,兵庫7,山田 賢司,@Ymd_Knj,やまだ賢司,3205,56,@yamadakenji0798,衆議院議員 やまだ賢司チャンネル,532,55,https://www.yamada-kenji.com/,1966年4月20日,1,,やまだ けんじ,自民,4,,,
277,東京1,山田 美樹,@yamada_miki,山田みき,7230,237,@yamadamikiTV,山田みきチャンネル,49,44,https://miki-yamada.com/,1974年3月15日,2,,やまだ みき,自民,4,,,
278,京都6,山井 和則,@yamanoikazunori,やまのい和則,32300,1496,@user-yg1mo2xo7g,やまのい和則チャンネル,479,366,https://yamanoi.net/,1962年1月6日,1,,やまのい かずのり,立憲,8,,,
279,山口4,吉田 真次,@yoshida706,吉田真次,23800,346,@yoshidashinji,吉田真次公式YouTube　真っすぐ次代へ。,1820,19,https://yoshidashinji.jp/,1984年7月6日,1,,よしだ しんじ,自民,1,,,
280,東京8,吉田 はるみ,@YoshidaHarumi,吉田はるみ 🕊 衆議院議員　東京8区　杉並区,16600,5875,@yoshidaharumi,吉田はるみの【はるチャン📺】,877,97,https://yoshidaharumi.com/,1972年1月1日,2,,よしだ はるみ,立憲,1,,,
281,福島5,吉野 正芳,,,,,,,,,http://www.myoshino.com/,1948年8月8日,1,,よしの まさよし,自民,8,,,
282,新潟5,米山 隆一,@RyuichiYoneyama,米山　隆一,106500,550,@yoneyamajimusyo,米チャン | 米山隆一公式YouTubeチャンネル,5610,297,https://yoneyamaryuichi.com/,1967年9月8日,1,,よねやま りゅういち,立憲,1,,,
283,神奈川9,笠 浩史,@hirofumi_ryu,笠ひろふみ（立憲民主党・衆議院議員）,2293,965,,,,,https://ryu-h.net/,1965年1月3日,1,,りゅう ひろふみ,立憲,7,,,
284,長野1,若林 健太,@kenta_1964,若林けんた〈公式〉,1375,491,@wakabayashikenta,若林けんたのまっすぐチャンネル,1300,200,https://wakabayashikenta.com/,1964年1月11日,1,,わかばやし けんた,自民,1,,,
285,神奈川4,早稲田 ゆき,@waseda_yuki,衆議院議員 早稲田ゆき（立憲民主党 ）,6890,267,@user-ls9uu4vf4z,早稲田ゆき国会チャンネル,44,37,https://waseda-yuki.jp/,1958年12月6日,2,,わせだ ゆき,立憲,2,,,
286,北海道5,和田 義明,@ywada_hokkaido5,#和田よしあき（#北海道5区　#自由民主党　#衆議院議員）,3965,346,@user-ee4sb8se9r,和田よしあき,929,116,https://yoshiakiwada.com/,1971年10月10日,1,,わだ よしあき,自民,3,,,
287,宮崎1,渡辺 創,@MWatasou,渡辺創【立憲民主党】衆議院議員（宮崎1区）,2177,519,@user-pw2sq3jd6e,衆議院議員 渡辺創,469,105,https://watasou.org/,1977年10月3日,1,,わたなべ そう,立憲,1,,,
288,千葉6,渡辺 博道,,,,,@user-hf6nq6dx6h,渡辺ひろみち公式チャンネル,58,6,https://www.hiromichi21.com/,1950年8月3日,1,,わたなべ ひろみち,自民,8,,,