index,選挙区名,議員氏名,twitter_id,twitter_name,twitter_follower,twitter_follow,youtube_id,youtube_name,youtube_follower,youtube_video_num,home_page_url,生年月日,性別,任期満了,読み方,会派,当選回数,＜正字＞,
1,南関東,青柳 陽一郎,@aoyagy,あおやぎ陽一郎（衆議院議員）,3531,510,@aoyagy,【公式】青柳陽一郎　あおチャンネル,201,30,https://aoyagy.net/,1969年8月29日,1,,あおやぎ よういちろう,立憲,4,,
2,東海,青山 周平,@ao_shu_office,あおやま周平@衆議院議員,3048,463,,,,,https://aoyama-shuhei.jp/,1977年4月28日,1,,あおやま しゅうへい,自民,4,,
3,北関東,青山 大人,@aoyamayamato,青山大人(あおやまやまと)衆議院議員＠茨城6区,4010,785,@aoyamayamato,【公式】衆議院議員青山大人,427,25,https://www.aoyamayamato.net/,1979年1月24日,1,,あおやま やまと,立憲,2,,
4,近畿,赤木 正幸,@akagimasayuki,赤木まさゆき（赤木正幸）,83,59,@user-qs8if7dm7v,赤木正幸,,1,https://akamasa.com/,1975年2月22日,1,,あかぎ まさゆき,維新,1,,
5,東北,秋葉 賢也,@akibakenya,秋葉賢也(あきばけんや),8694,204,@kenyaakiba,衆議院議員 秋葉賢也 Kenチャンネル !,175,84,,1962年7月3日,1,,あきば けんや,自民,7,,
6,南関東,秋本 真利,,,,,,,,,,1975年8月10日,1,,あきもと まさとし,無,4,,収賄容疑，外務政務官を辞任している23.08.04
7,南関東,浅川 義治,@asakawayosiharu,浅川義治|日本維新の会衆議院議員　神奈川1区(横浜市中区・磯子区・金沢区)神奈川維新の会幹事長,2538,1905,@user-ku6it1rl2m,あさちゃん【衆議院議員 浅川義治 日本維新の会 神奈川1区】,62,43,https://www.asakawayoshiharu.com/,1968年2月23日,1,,あさかわ よしはる,維新,1,,
8,中国,畦元 将吾,,,,,@user-si1hl5xq3u,あぜもとしょうご,4,0,https://azemoto.jp/,1958年4月30日,1,,あぜもと しょうご,自民,2,,
9,東京,阿部 司,@abe2kasa,阿部 司(衆議院議員/東京12区/日本維新の会),4238,1065,@abeccho,あべチャンネル【阿部司 公式チャンネル】【日本維新の会所属 衆議院議員】,1140,196,https://www.abetsukasa.jp/,1982年6月18日,1,,あべ つかさ,維新,1,,
10,中国,あべ 俊子,@abetoshiko,あべ俊子 Toshiko Abe ⚘,7570,519,@user-ik9rn6nk4o,あべ俊子事務所,182,56,https://www.abetoshiko.com/,1959年5月19日,2,,あべ としこ,自民,6,,
11,九州,阿部 弘樹,@HirokiAbe1961,あべひろき【日本維新の会 衆議院 福岡4区】,832,286,,,,,https://hirokiabe.jp/,1961年12月15日,1,,あべ ひろき,維新,1,,
12,南関東,甘利 明,@Akira_Amari,甘利 明,69400,178,@AkiraAmari,甘利 明,676,57,https://amari-akira.com/,1949年8月27日,1,,あまり あきら,自民,13,,
13,北海道,荒井 優,@araiyutaka,荒井ゆたか@与野党唯一の校長出身国会議員,4344,1346,,,,,https://araiyutaka.jp/,1975年2月28日,1,,あらい ゆたか,立憲,1,,LINE公式アカウントあり
14,北関東,五十嵐 清,,,,,,,,,https://kiyoshi-igarashi.com/,1969年12月14日,1,,いがらし きよし,自民,1,,
15,東海,池田 佳隆,@ikeda_0620,池田よしたか│前文部科学副大臣,6753,289,@ikedayoshitaka,池田よしたか,10,4,https://xs311218.xsrv.jp/ikeda/,1966年6月20日,1,,いけだ よしたか,自民,4,,
16,近畿,池畑 浩太朗,"@VGZ20ydBf5ouj4c
",池畑こうたろう,842,804,@user-kn3tq5vm6q,池畑浩太朗,42,1,https://ikehata-koutarou.jp/,1974年9月26日,1,,いけはた こうたろう,維新,1,,
17,北関東,石井 啓一,@keiichi_ishii_,石井啓一,7984,122,@user-fg7jc2sq3v,石井啓一チャンネル,2280,13,https://www.k1-ishii.com/,1958年3月20日,1,,いしい けいいち,公明,10,,
18,東海,石井 拓,@takuishii,石井拓,599,57,@user-ji8hz8cz6q,#141 石井拓チャンネル,138,95,https://141taku.com/,1965年4月11日,1,,いしい たく,自民,1,,
19,北関東,石川 昭政,@iakimasa1,石川あきまさ,8636,735,,,,,https://profile.ameba.jp/ameba/ishikawa-akimasa/,1972年9月18日,1,,いしかわ あきまさ,自民,4,,HPはAmebaのブログ
20,中国,石橋 林太郎,@1484_Rintaro,石橋林太郎 ISHIBASHI Rintaro（衆議院議員）,1934,627,,,,,https://ishibashirintaro.com/,1978年5月2日,1,,いしばし りんたろう,自民,1,,
21,東京,石原 宏高,"@ishiharahirotak
",石原ひろたか　東京3区,5822,275,@hirotaka0619channel,衆議院議員 石原ひろたか,38,87,https://www.ishihara-hirotaka.com/,1964年6月19日,1,,いしはら ひろたか,自民,5,,
22,東海,石原 正敬,@fu_un17,石原まさたか公式ツイッター,409,107,@user-ng1ug8eg1v,風雲放談チャンネル,10,4,https://fu-un.org/,1971年11月29日,1,,いしはら まさたか,自民,1,,
23,北陸信越,泉田 裕彦,@IzumidaHirohiko,泉田 裕彦,70900,208,@user-bf5eq4me2h,泉田ひろひこ,23,1,http://www.h-izumida.jp/,1962年9月15日,1,,いずみだ ひろひこ,自民,2,,
24,近畿,一谷 勇一郎,@y_ichitani,一谷　勇一郎　(衆議院議員　兵庫1区　日本維新の会),2073,549,@y_ichitani,[公式] 一谷 勇一郎 メディアチャンネル,186,116,https://www.nippon-ishin-kobe-ichitani.jp/,1975年1月22日,1,,いちたに ゆういちろう,維新,1,,
25,東京,伊藤 俊輔,@shun76450,伊藤しゅんすけ(ItoShunsuke),12400,10800,@TV-rp4sc,TV伊藤しゅんすけ,91,68,https://i-shunsuke.com/,1979年8月5日,1,,いとう しゅんすけ,立憲,2,,
26,東海,伊藤 渉,@ito_wataru,伊藤わたる（衆議院議員）,10300,3647,@itowatarucom,伊藤わたる,740,92,https://ito-wataru.com/,1969年11月13日,1,,いとう わたる,公明,5,,
27,九州,稲富 修二,@inatomishuji,いなとみ修二,1496,226,@ShujiInatomi,稲富修二（いなとみしゅうじ）,279,116,https://inatomi.jp/,1970年8月26日,1,,いなとみ しゅうじ,立憲,3,,
28,九州,今村 雅弘,,,,,,,,,http://imamura-masahiro.jp/,1947年1月5日 ,1,,いまむら まさひろ,自民,9,,
29,九州,岩田 和親,@Kazuchika_Iwata,岩田かずちか＠経済産業副大臣・自民党・佐賀1区,6976,3278,@user-cj8xu9vn3k,岩田かずちかチャンネル,420,611,,1973年9月20日,1,,いわた かずちか,自民,4,,
30,東北,上杉 謙太郎,@uesugi_jimusyo,上杉けんたろう 衆議院議員 スタッフページ,651,47,@user-zf4xk3dl2l,上杉けんたろう 衆議院議員　スタッフチャンネル,49,14,https://uesugi.fukushima.jp/,1975年4月20日,1,,うえすぎ けんたろう,自民,2,,
31,近畿,浮島 智子,@Tomo_Ukishima,浮島とも子,16600,103,,,,,https://www.t-ukishima.net/,1963年2月1日,2,,うきしま ともこ,公明,4,,
32,近畿,遠藤 良太,@endoryota_,遠藤良太（ 衆議院議員 / 日本維新の会 / 兵庫5区 ）,1450,498,,,,,https://endoryota.jp/,1984年12月19日,1,,えんどう りょうた,維新,1,,
33,近畿,大石 あきこ,@oishiakiko,大石あきこ(れいわ新選組)Akiko Oishi,102800,1010,@oishiakiko,れいわ新選組 大石あきこチャンネル,36100,337,https://www.oishiakiko.net/,1977年5月27日,2,,おおいし あきこ,れ新,1,,
34,東京,大河原まさこ,@Waku2_ookawara,大河原まさこ(りっけん)東京21区総支部長（大河原雅子）,4550,1306,@user-ne6on4ji2v,大河原まさこ,75,60,https://ookawaramasako.com/,1953年4月8日,2,,おおかわら まさこ,立憲,2,,
35,近畿,大串 正樹,@Ogushi_Masaki,大串まさき（衆議院議員）,6651,289,@regioncreate2457,regioncreate,5,23,https://m-ogushi.com/,1966年1月20日,1,,おおぐし まさき,自民,4,,
36,東海,大口 善徳,@90Xotfe,大口善徳,3334,1353,,,,,http://www.oguchi.gr.jp/,1955年9月5日,1,,おおぐち よしのり,公明,9,,
37,北海道,おおつき紅葉,@kurehaotsuki,【公式】おおつき 紅葉🍁北海道4区とともに,2375,1190,@ch-dp8qn,おおつきくれは放送局【公式ch】,382,56,https://kurehaotsuki.jp/,1983年10月16日,2,,おおつき くれは,立憲,1,,
38,東北,岡本 あき子,@a_okamotooffice,岡本あき子💙💛（衆議院議員／宮城１区）,4090,160,@user-fb4el7kq4l,岡本あき子 衆議院議員 #あきチャンネル,147,31,https://okamotoakiko.net/,1964年8月16日,2,,おかもと あきこ,立憲,2,,
39,近畿,奥野 信亮,,,,,,,,,https://www.okunoshinsuke.jp/,1944年3月5日,1,,おくの しんすけ,自民,6,,
40,九州,小里 泰弘,@ozato_yasuhiro,小里泰弘(小里やすひろ)【自民党/衆議院議員/鹿児島3区】,794,399,@user-ki4lv3di5q,小里泰弘,3,2,https://t.co/rgVIAUkP52,1958年9月29日,1,,おざと やすひろ,自民,6,,
41,東北,小沢 一郎,@ozawa_jimusho,小沢一郎（事務所）,265400,22100,@ozawaichiroujimusho,ozawaichiroujimusho,958,23,https://www.ozawa-ichiro.jp/,1942年5月24日,1,,おざわ いちろう,立憲,18,,
42,東京,越智 隆雄,@ochitakao,おちたかお(越智隆雄)【東京6区】,4714,260,@user-sh5hy5jj2d,おちたかお の「おっちゃんねる」,215,87,https://ochi-takao.jp/,1964年2月27日,1,,おち たかお,自民,5,,
43,東京,小野 泰輔,@taisukeono,小野たいすけ｜衆議院議員｜東京7区 ｜日本維新の会,28800,1976,@user-wy3ou3mw4f,小野たいすけ【公式】チャンネル,25400,116,https://ono-taisuke.info/,1974年4月20日,1,,おの たいすけ,維新,1,,
44,北関東,尾身 朝子,@asako_omi,尾身朝子,2009,324,,,,,https://asako-omi.jp/,1961年4月26日,2,,おみ あさこ,自民,3,,
45,東京,海江田 万里,@banrikaieda,海江田万里(事務所),8234,122,@banrikaieda,海江田万里,175,181,https://kaiedabanri.jp/,1949年2月26日,1,,かいえだ ばんり,無,8,,
46,東京,笠井 亮,@akibacsi,笠井あきら,23900,4066,,,,,https://www.kasai-akira.jp/,1952年10月15日,1,,かさい あきら,共産,6,,
47,東京,河西 宏一,"@kasai_koichi
",河西宏一（かさい こういち）【比例東京ブロック選出】,4492,1144,,,,,https://koichi-kasai.jp/,1979年6月25日,1,,かさい こういち,公明,1,,
48,南関東,門山 宏哲,@kado_support,門山ひろあき（千葉1区）応援,47,35,@kadoyamahiroaki,kadoyamahiroaki,10,11,https://www.kadoyama.net/,1964年9月3日,1,,かどやま ひろあき,自民,4,,
49,東北,金田 勝年,@katutosh555,かねだ勝年（公式）,736,543,@kkaneda-2737,k kaneda-,3,1,http://www.kaneda-k.com/,1949年10月4日,1,,かねだ かつとし,自民,5,,youtube公式か？？
50,南関東,金村 龍那,,,,,@kanemura_you,りゅうなチャンネル【衆議院議員 金村りゅうな】,318,41,https://ryuna-kanemura.jp/,1979年4月6日,1,,かねむら りゅうな,維新,1,,
51,北海道,神谷 裕,@kamiyahokkaido,神谷ひろし　立憲民主党衆議院議員（北海道10区）,693,20,,,,,https://kamiya-hiroshi.jp/,1968年8月10日,1,,かみや ひろし,立憲,2,,
52,東北,亀岡 偉民,@kameokayositami,亀岡偉民（よしたみ）,3844,2069,@kame-channel-yoshitami,かめチャンネル【亀岡よしたみ公式チャンネル】,306,140,https://www.kameokayoshitami.com/,1955年9月10日,1,,かめおか よしたみ,自民,5,,
53,東北,菅家 一郎,@kanke_ichirou,菅家　一郎,1564,0,@kanke16,菅家一郎 公式チャンネル,84,98,https://kanke-ichiro.jp/,1955年5月20日,1,,かんけ いちろう,自民,4,,
54,九州,金城 泰邦,@yasukunikinjou,金城泰邦（きんじょうやすくに）,1612,969,@user-kl8eq5bi9x,金城ヤスクニ,138,10,https://www.komei.or.jp/km/urasoe-kinjo-yasukuni/,1969年7月16日,1,,きんじょう やすくに,公明,1,,
55,中国,日下 正喜,@komei_kusaka,【公明党】日下正喜,900,221,,,,,https://www.komei.or.jp/km/kusaka-masaki/,1965年11月25日,1,,くさか まさき,公明,1,,
56,東京,櫛渕 万里,@kushibuchi,くしぶち万里 れいわ新選組 衆議院議員,29500,375,@kushibuchi,万里櫛渕,217,24,https://kushibuchi-mari.jp/,1967年10月15日,2,,くしぶち まり,れ新,2,,
57,北陸信越,国定 勇人,@kunisadaisato,国定勇人（くにさだいさと）,5469,95,@user-jj4ex4zp9w,【 国定勇人ちゃんねる ーくにちゃんー 】,522,94,https://kunisada-sanjo.com/,1972年8月30日,1,,くにさだ いさと,自民,1,,
58,北陸信越,神津 たけし,@kozutakeshi,神津たけし 衆議院議員（長野3区）,1168,1858,,,,,https://www.kozu88.com/,1977年1月21日,1,,こうづ たけし,立憲,1,,
59,近畿,穀田 恵二,@kokutakeiji,穀田恵二,2500,125,@user-tx4zx7ko6f,こくた恵二,78,60,http://www.kokuta-keiji.jp/,1947年1月11日,1,,こくた けいじ,共産,10,,
60,九州,國場 幸之助,@kokubkonosuke,國場幸之助（コクバ幸之助・国場幸之助),5227,3058,@kokuba2014,コクバ幸之助,26,8,https://www.konosuke.com/,1973年1月10日,1,,こくば こうのすけ,自民,4,,
61,中国,小島 敏文,@kojimatoshifumi,小島 敏文,19,0,@user-ij8pt6ng9j,動画チャンネル,19,35,https://www.kojima-toshifumi.jp/,1950年9月7日,1,,こじま としふみ,自民,4,,
62,北関東,輿水 恵一,@koshimizu_k1,輿水恵一　【公明党】北関東ブロック,3710,108,,,,,https://t.co/UvnzSEx6rg,1962年2月4日,1,,こしみず けいいち,公明,3,,
63,近畿,小林 茂樹,@ShigekiNara,小林しげき,9055,286,@user-py8nl5gl2x,小林しげきチャンネル,474,186,https://t.co/OBzYkk538B,1964年10月9日,1,,こばやし しげき,自民,3,,
64,北関東,小宮山 泰子,@komiyama_yasko,小宮山泰子　立憲民主党,4394,54,@user-ur6qk3zk8f,小宮山泰子（こみやまやすこ）,126,186,https://t.co/Ug4ank8udn,1965年4月25日,2,,こみやま やすこ,立憲,7,,
65,北陸信越,近藤 和也,@kondokazuya_,近藤和也,3182,1935,@user-yy2bm8hh9h,こんどう和也,119,77,https://t.co/XkiRHTVQ6t,1973年12月12日,1,,こんどう かずや,立憲,3,,
66,近畿,斎藤アレックス,@AlexSaito2019,斎藤アレックス（国民民主党🐰衆議院議員）,2993,347,@user-cz3xb7qm5h,斎藤アレックスYouTubeチャンネル,454,108,https://t.co/EhZKMakhYo,1985年6月30日,1,,さいとう あれっくす,国民,1,,
67,北関東,坂本 祐之輔,@yunosuke_waka,坂本ゆうのすけ,1853,574,@sakamotoyunosuke,sakamotoyunosuke,25,110,https://sakamoto-yunosuke.jp/,1955年1月30日,1,,さかもと ゆうのすけ,立憲,3,,
68,近畿,櫻井 周,@sakurai_shu,衆議院議員 桜井シュウ（立憲民主党）,3944,1119,@user-xj9cu1td5p,桜井シュウ,138,124,https://sakuraishu.net/,1970年8月16日,1,,さくらい しゅう,立憲,2,,
69,南関東,櫻田 義孝,@ysakurada,桜田　義孝💙💛,11400,220,,,,,https://sakurada-yoshitaka.jp/,1949年12月20日,1,,さくらだ よしたか,自民,8,,
70,北海道,佐藤 英道,@hidemichisato,佐藤英道　衆議院議員,4426,1374,,,,,http://kmplan.net/usr/sato/,1960年9月26日,1,,さとう ひでみち,公明,4,,
71,北関東,沢田 良,@saitama_ishin,埼玉の沢田良,9689,632,@user-ki5fc4qv3z,埼玉の沢田良（衆議院議員）,1500,30,https://t.co/BV06VrdfMF,1979年9月27日,1,,さわだ りょう,維新,1,,
72,南関東,志位 和夫,@shiikazuo,志位和夫,228500,0,,,,,https://www.shii.gr.jp/,1954年7月29日,1,,しい かずお,共産,10,,
73,北関東,塩川 鉄也,@ShiokawaTetsuya,塩川鉄也,14400,486,,,,,http://www.shiokawa-tetsuya.jp/,1961年12月18日,1,,しおかわ てつや,共産,8,,
74,東海,塩谷 立,@shionoya_ryu,塩谷立,1685,66,@user-hp5ci7ez8r,塩谷立公式チャンネル,32,9,https://t.co/51WIE7EwHV,1950年2月18日,1,,しおのや りゅう,自民,10,,
75,北陸信越,篠原 孝,@rTSBOJK8DmTkbbl,篠原孝,19,3,,,,,https://www.shinohara21.com/blog/,1948年7月17日,1,,しのはら たかし,立憲,7,,
76,東北,庄子 賢一,@shoji_kenichi,庄子賢一 衆議院議員 (比例東北),2857,1713,,,,,https://www.shoji-kenichi.com/index.html,1963年2月8日,1,,しょうじ けんいち,公明,1,,
77,四国,白石 洋一,@shiraishiyoichi,"白石よういち 衆議院議員(愛媛2区・四国中央市,新居浜市,西条市,今治市,上島町)",1899,2496,@yoichishiraishi,"白石洋一 衆議院議員【愛媛2区】今治市,上島町,西条市,新居浜市,四国中央市",235,114,https://www.shiraishi.cc/,1963年6月25日,1,,しらいし よういち,立憲,3,,
78,九州,末次 精一,@suechandesu,すえつぐ精一　立憲民主党 衆議院議員,1003,566,@user-vf7so7ru1x,末次精一,122,0,https://suetsugu-seiichi.com/,1962年12月2日,1,,すえつぐ せいいち,立憲,1,,
79,中国,杉田 水脈,@miosugita,杉田 水脈,357500,733,@miosugita3893,杉田水脈チャンネルMio's 動画ニュース,33300,99,https://sugitamio.net/,1967年4月22日,2,,すぎた みお,自民,3,,
80,東海,杉本 和巳,@sugichannet,杉本かずみ,784,1541,@sugimotokazumi_shugiin,【杉本和巳】@衆議院,177,87,https://sugimoto-kazumi.com/,1960年9月17日,1,,すぎもと かずみ,維新,4,,
81,南関東,鈴木 敦,@suzukiatsushi_,鈴木あつし｜国民民主党・衆議院議員【神奈川18区（川崎市中原区・高津区）】,2951,173,@user-uk1ml5qe2y,衆議院議員 鈴木あつし | 国民民主党内最年少国会議員,140,33,https://t.co/IsMxSYd0MS,1988年12月15日,1,,すずき あつし,国民,1,,
82,北海道,鈴木 貴子,@_SuzukiTakako_,衆議院議員 鈴木貴子/SUZUKI Takako,13400,959,,,,,https://www.suzukitakako.jp/,1986年1月5日,2,,すずき たかこ,自民,4,,
83,東京,鈴木 庸介,@20161023yousuke,鈴木ようすけ【公式】立憲民主党 (東京10区 衆議院選挙区),2217,861,@user-ts6wd8gg4f,鈴木ようすけ 公式チャンネル,58,33,https://yosukesuzuki.net/,1975年11月21日,1,,すずき ようすけ,立憲,1,,
84,北関東,鈴木 義弘,@yosshisuzuki,鈴木よしひろ,93,5,@suzukiyoshihiro01,Yoshihiro Suzuki,20,54,https://yosshisuzuki.com/,1962年11月10日,1,,すずき よしひろ,国民,3,,
85,近畿,住吉 寛紀,@sumiyoshi0124,住吉ひろき（衆議院議員/姫路市）,1042,1005,@user-em4se3uz8r,住吉寛紀,4,0,https://www.sumiyoshihiroki0124.com/,1985年1月24日,1,,すみよし ひろき,維新,1,,
86,四国,瀬戸 隆一,@setotakakazu,せと隆一（香川二区）,2974,904,@setojapan55,瀬戸隆一,39,12,https://www.setojapan.jp/,1965年8月2日,1,,せと たかかず,自民,3,,
87,中国,空本 誠喜,@seiki_soramoto,空本誠喜（そらもと せいき）衆議院議員《広島４区》,1973,2164,,,,,http://www.soramoto.com/,1964年3月11日,1,,そらもと せいき,維新,2,,
88,中国,高階 恵美子,@TakagaiEmiko,たかがい恵美子🦅😌,4115,1305,@TakagaiEmiko,たかがい恵美子,193,122,https://www.takagai-emiko.net/,1963年12月21日,2,,たかがい えみこ,自民,1,,
89,東京,高木 啓,@takagikei310,高木けい　自民党衆議院議員,17900,424,@user-tw4cd5ru2s,高木けい公式チャンネル,167,12,https://takagi-kei.com/,1965年3月16日,1,,たかぎ けい,自民,2,,
90,東京,高木 陽介,@9JiOPTF8mZ33301,高木陽介　衆議院議員,753,441,@YosukeTakagi1216,高木陽介,23,57,http://www.takagi21.com/,1959年12月16日,1,,たかぎ ようすけ,公明,9,,
91,北陸信越,高鳥 修一,@takatorishuichi,高鳥修一（たかとりしゅういち）,46300,26,@takatori55jim,高鳥修一,169,18,https://www.takatori.jp/,1960年9月29日,1,,たかとり しゅういち,自民,5,,
92,東北,高橋 千鶴子,@chiduko916,高橋千鶴子,20500,2344,@chiduko916,ちづ子高橋,55,20,https://www.chiduko.gr.jp/,1959年9月16日,2,,たかはし ちづこ,共産,7,,
93,北関東,高橋 英明,@ishinhideaki,高橋英明日本維新の会衆議院議員埼玉県総支部代表,1523,470,@user-nn7gd7vc5o,衆議院議員高橋英明【公式】日本維新の会,20,14,https://ishinhideaki.jp/,1963年5月10日,1,,たかはし ひであき,維新,1,,
94,南関東,たがや 亮,@RyoTagaya,たがや 亮　れいわ新選組 衆議院議員,13900,0,@ryotagaya,衆議院議員 たがや 亮「たがやが政治をたがやす」チャンネル,5700,118,https://www.ryotagaya.jp/,1968年11月25日,1,,たがや りょう,れ新,1,,
95,九州,武井 俊輔,@syunsuke_takei,武井俊輔（自民党 宏池会）,22900,1472,@user-uv7yf4xi4b,武井俊輔 公式チャンネル,28,4,https://www.s-takei.jp/,1975年3月29日,1,,たけい しゅんすけ,自民,4,,
96,近畿,竹内 譲,@takeuchi_yuzuru,竹内　譲〈公明党・衆議院議員〉,11900,2248,@time8649,衆議院議員 竹内 ゆずる TIME 公明党,416,18,http://www.takeuchi-yuzuru.com/,1958年6月25日,1,,たけうち ゆずる,公明,6,,
97,北関東,田所 嘉徳,@tadokoroyoshin,田所よしのり,782,31,@tadokoro-yoshinori,田所よしのり【公式】チャンネル,58,14,https://tadokoro-yoshinori.com/,1954年1月19日,1,,たどころ よしのり,自民,4,,
98,東海,田中 健,@tanaka_shizuoka,田中けん🍵衆議院議員🍵静岡4区🍵国民民主党,2750,1210,@user-pj9vn7ee9c,田中けん静岡4区,258,109,https://tanaka-ken.jp/,1977年7月18日,1,,たなか けん,国民,1,,
99,近畿,田中 英之,@Tanaka_Hide,田中ひでゆき　衆議院議員,2063,519,@hideyukitanaka5575,hideyuki tanaka,56,35,https://www.tanakahideyuki.jp/,1970年7月11日,1,,たなか ひでゆき,自民,4,,谷川とむ youtubeあってる？
100,近畿,谷川 とむ,@Tom_Tanigawa,谷川とむ【衆議院議員 自民党大阪府連会長 大阪19区】,7453,1723,,,,,https://www.tanigawatom.com/,1976年4月27日,1,,たにがわ とむ,自民,3,,https://www.youtube.com/shorts/B7XLcDAysGM
101,九州,田村 貴昭,@TAMURATAKAAKI,田村貴昭,13500,2436,,,,,http://tamura-takaaki.com/,1961年4月30日,1,,たむら たかあき,共産,3,,
102,北陸信越,塚田 一郎,@tsukada_ichiro,つかだ一郎（衆議院議員/自民党）,3294,2064,@tichiro16,塚田一郎,429,33,https://www.t-ichiro.net/,1963年12月27日,1,,つかだ いちろう,自民,0,,
103,東北,津島 淳,@tsushimajun,津島淳,763,29,@user-pz1ed5wn6e,津島事務所,8,16,https://tsushima-jun.com/,1966年10月18日,1,,つしま じゅん,自民,4,,
104,南関東,角田 秀穂,@TsunodaHideo,角田 ひでお 公明党,3460,2197,@user-sb5ny3sg5e,角田ひでおチャンネル,1550,22,https://tunoda.website/,1961年3月25日,1,,つのだ ひでお,公明,2,,
105,東北,寺田 学,@teratamanabu,寺田 学,19000,624,@user-oj5es2zg6j,てらたまなぶ 寺田学 [衆議院議員],43,14,https://www.manabu.jp/,1976年9月20日,1,,てらた まなぶ,立憲,6,,
106,近畿,徳永 久志,@1097naga3119,とくなが久志　衆議院議員,1467,718,@tokunagajimusho,tokunagajimusho,35,68,https://e-siga.com/,1963年6月27日,1,,とくなが ひさし,無,1,,
107,東海,中川 貴元,@nkgwtkmt,中川貴元(たかもと) 前総務大臣政務官　衆議院議員/愛知2区,912,9,@user-ev6pn7dj3o,中川たかもと,8,5,https://nakagawatakamoto.jp/,1967年2月25日,1,,なかがわ たかもと,自民,1,,
108,北陸信越,中川 宏昌,@N_hiromasa,中川ひろまさ(公明党衆議院議員),3164,2009,@yaruzohiromasa,中川ひろまさ　公明党衆議院議員,42,36,https://www.nakagawahiromasa.com/,1970年7月15日,1,,なかがわ ひろまさ,公明,1,,
109,東海,中川 正春,@mienakagawa0610,中川正春　三重2区（鈴鹿市、亀山市、伊賀市、名張市、四日市市南部）（事務所）,1124,216,@user-vi6fd1yu3w,中川正春事務所,53,27,https://www.masaharu.gr.jp/,1950年6月10日,1,,なかがわ まさはる,立憲,9,,
110,東海,中川 康洋,@nakagawa_komei,中川康洋(公明党比例東海ブロック),6352,2918,@user-sp2sm2mu5z,衆議院議員 中川康洋,59,30,https://nakagawa-komei.net/,1968年2月12日,1,,なかがわ やすひろ,公明,2,,
111,北海道,中川 郁子,@nakagawayuko,中川ゆうこ 衆議院議員,13400,659,@nakagawayuko,衆議院議員 中川ゆうこ,279,18,https://nakagawa-yuko.jp/,1958年12月22日,2,,なかがわ ゆうこ,自民,3,,
112,東京,長島 昭久,@nagashima21,長島昭久🇯🇵🇺🇦東京30区（府中、多摩、稲城市）,74500,2817,@nagashima21,長島昭久 あきチャンネル,2050,115,https://www.nagashima21.net/tokyo30/,1962年2月17日,1,,ながしま あきひさ,自民,7,,
113,南関東,中島 克仁,@KatsuNakajima,中島かつひと山梨１区…衆議院議員・医師,4914,934,,,,,https://www.katsuhito-nakajima-yamanashi.com/,1967年9月27日,1,,なかじま かつひと,立憲,4,,
114,南関東,中谷 一馬,@kazuma_nakatani,衆議院議員 中谷一馬@💻党デジタル政策PT座長📱,16600,8055,@kazumanakatani,中谷一馬,522,43,https://kazumanakatani.com/,1983年8月30日,1,,なかたに かずま,立憲,2,,
115,九州,長友 慎治,@nagatomoshinji,長友しんじ,1024,178,@user-hh1bb8bk4k,うさぎとしんじ,132,58,https://www.nagatomoshinji.com/,1977年6月22日,1,,ながとも しんじ,国民,1,,
116,北関東,中根 一幸,@Nakane_Kazuyuki,中根一幸(中根かずゆき)【自民党/衆議院議員/埼玉6区】,1758,539,@user-qb7tg9cg9b,衆議院議員 中根かずゆき,1190,56,https://nakane-kazuyuki.com/,1969年7月11日,1,,なかね かずゆき,自民,5,,
117,北関東,中村 喜四郎,@KishiroNakamura,中村喜四郎　事務局,1976,1,@user-ou2fz2oc2g,中村喜四郎　事務局,357,9,,1949年4月10日,1,,なかむら きしろう,立憲,15,,
118,南関東,中山 展宏,@norihiron,中山展宏（中山のりひろ）,3703,163,,,,,https://norihiro.org/,1968年9月16日,1,,なかやま のりひろ,自民,4,,
119,北関東,野中 厚,@nonakajimusho,野中 あつし,4101,347,@user-sl4mj7ck4m,野中あつし チャンネル,399,59,https://www.nonaka-atsushi.com/,1976年11月17日,1,,のなか あつし,自民,4,,
120,東北,馬場 雄基,@yuki_8ba,馬場ゆうき🌻衆議院議員,5812,1851,@yuki_baba_88,衆議院議員 馬場ゆうき,388,75,https://yuki-baba.jp/,1992年10月15日,1,,ばば ゆうき,立憲,1,,
121,九州,浜地 雅一,@hamachi_m,浜地雅一（衆議院議員.弁護士),4916,125,,,,,https://www.komei.or.jp/km/hamachi-masakazu/,1970年5月8日,1,,はまち まさかず,公明,4,,
122,東北,早坂 敦,,,,,@user-up8wn6wi5t,早坂あつし公式YouTubeチャンネル,9,17,https://atsushi-ishin.com/,1971年3月11日,1,,はやさか あつし,維新,1,,
123,東海,伴野 豊,@yutakabanno2000,ばんの豊【公式】,77,0,@bannoyutaka2000,ばんの豊公式チャンネル,39,93,https://bannoyutaka.jp/,1961年1月1日,1,,ばんの ゆたか,立憲,6,,
124,四国,平井 卓也,@hiratakuchan,平井卓也（ひらいたくや）,62000,6375,@hiratakuyt,平井卓也（初代デジタル大臣）,10600,703,https://www.hirataku.com/,1958年1月25日,1,,ひらい たくや,自民,8,,
125,中国,平林 晃,@hb_hirabayashi,平林晃,1599,532,@user-sp3ln1ps8h,平林晃チャンネル,204,0,https://akirahirabayashi.jp/,1971年2月2日,1,,ひらばやし あきら,公明,1,,
126,北関東,福重 隆浩,@komeifukushige,【公明党】福重隆浩,1586,456,,,,,https://takahiro-fukushige.jp/,1962年5月3日,1,,ふくしげ たかひろ,公明,1,,
127,北関東,藤岡 隆雄,@FujiokaTakao,藤岡たかお🍓衆議院議員(栃木県第4区で活動、立憲民主党),3606,2394,@FujiokaTakao,藤岡たかおチャンネル,521,126,https://fujioka-takao.jp/,1977年3月28日,1,,ふじおか たかお,立憲,1,,
128,南関東,藤巻 健太,@Kenta_Fujimaki,藤巻健太　衆議院議員,2177,96,,,,,https://fujimaki-kenta.com/,1983年10月7日,1,,ふじまき けんた,維新,1,,
129,九州,古川 康,@furukawa_yasu,古川 康【公式】,1072,232,@besidetv4940,あなたのそばで 政治にまっすぐ 衆議院議員 古川 康の Beside TV,467,96,https://www.power-full.com/index.html,1958年7月15日,1,,ふるかわ やすし,自民,3,,
130,南関東,古屋 範子,@Noriko_Furuya,古屋 範子,15200,1760,,,,,https://furuya-noriko.com/,1956年5月14日,2,,ふるや のりこ,公明,7,,
131,南関東,星野 剛士,@hossys,衆議院議員 星野つよし,6269,4578,@hosinovideo,ホシノビデオ,202,323,https://t-stars.com/,1963年8月8日,1,,ほしの つよし,自民,4,,
132,近畿,掘井 健智,@horiken_seiji,ほりいけんじ| 衆議院議員 | 日本維新の会,648,180,@user-bz2xp1yc8e,ほりけんのチャンネル,97,4,https://horiikenji.jp/,1967年1月10日,1,,ほりい けんじ,維新,1,,
133,北海道,堀井 学,@horiimanabu,堀井学＠胆振•日高は４市14町🐎 内閣府副大臣｜二頭流で活動中✨,1764,602,@user-gp5ed4sq9o,堀井学【衆議院議員】二頭流チャンネル,369,53,https://horiimanabu.jp/,1972年2月19日,1,,ほりい まなぶ,自民,4,,
134,近畿,堀場 幸子,@SachikoHoriba,堀場さち子（日本維新の会 衆議院議員・京都維新の会 代表),3088,629,,,,,https://horibasachiko.com/,1979年3月24日,2,,ほりば さちこ,維新,1,,
135,東海,牧 義夫,@yoshiomaki758,牧義夫（愛知4区）,3248,1989,@user-xr1hf7eo3q,牧義夫,98,32,https://makiyoshio.jp/,1958年1月14日,1,,まき よしお,立憲,7,,
136,北関東,牧原 秀樹,@hmakihara,牧原秀樹 まきはらひでき 衆議院議員　自民党　埼玉5区,16300,3799,@mackystudio,まきはらひでき チャンネル 衆議院議員 牧原秀樹 さいたま市在住,2380,112,https://hmacky.net/,1971年6月4日,1,,まきはら ひでき,自民,5,,
137,東京,松本 洋平,@matsumoto_yohei,松本洋平,5077,67,@user-dh9kx5mn1s,衆議院議員 松本洋平,10,7,https://matsumoto-yohei.com/,1973年8月31日,1,,まつもと ようへい,自民,5,,
138,近畿,三木 圭恵,@keemiki,三木けえ　衆議院議員　兵庫県第7選挙区（西宮市・芦屋市）,4390,2039,@channel-jw5ih,【公式】三木けえの伝えたいchannel,154,14,https://www.mikikee.jp/,1966年7月7日,2,,みき けえ,維新,2,,
139,東海,岬 麻紀,@misakimaki_i,岬まき⭐️衆議院議員 日本維新の会 愛知新5区（名古屋市中村区•中川区、清須市）,1602,236,@misakimaki,まきチャンネル,40,38,https://misakimaki.com/,1968年12月26日,2,,みさき まき,維新,1,,
140,南関東,三谷 英弘,@mitani_h,みたに英弘（衆議院議員／神奈川8区）,14000,3280,@mitani-h,みたに英弘（衆議院議員　神奈川８区）,293,48,https://mitani-h.net/,1976年6月28日,1,,みたに ひでひろ,自民,3,,
141,九州,宮崎 政久,@Miyazaki_kirin,宮崎政久（みやざきまさひさ）@沖縄2区,5900,699,@user-mw8kz1jw9r,ミヤザキ政久後援会@沖縄県第2選挙区 2023,62,39,https://www.miyazakirin.com/,1965年8月8日,1,,みやざき まさひさ,自民,4,,
142,東海,宮澤 博行,,,,,@miyazawahiroyukiTV,宮沢ひろゆき TV,74,31,https://miyazawa-hiroyuki.jp/,1975年1月10日,1,,みやざわ ひろゆき,自民,4,,
143,近畿,宮本 岳志,@ohsakamiyamoto,宮本たけし（日本共産党）@大阪5区,21900,540,@user-uz3to5xh7w,宮本たけし 大阪5区チャンネル,480,110,http://miyamoto-net.net/,1959年12月25日,1,,みやもと たけし,共産,0,,
144,東京,宮本 徹,@miyamototooru,宮本徹,61600,187,@user-zc9kj1zd2l,宮本徹事務所,518,106,https://miyamototooru.info/,1972年1月22日,1,,みやもと とおる,共産,3,,
145,北陸信越,務台 俊介,"@mutaishunsuke
",務台俊介（むたい　しゅんすけ）,6702,5305,@mutaishunsuke,むたい俊介　　衆議院議員　務台俊介,1590,176,https://www.mutai-shunsuke.jp/,1956年7月3日,1,,むたい しゅんすけ,自民,4,,
146,近畿,宗清 皇一,@MunekiyoOffice,宗清皇一事務所,2027,213,@user-vv6ey1zu6d,宗清皇一,141,26,https://kouichi-munekiyo.com/,1970年8月9日,1,,むねきよ こういち,自民,3,,
147,東海,本村 伸子,@motomura_nobuko,もとむら伸子(本村伸子）,22800,6079,@MotomuraNobuko,伸子もとむら,232,51,https://motomura-nobuko.jp/,1972年10月20日,2,,もとむら のぶこ,共産,3,,
148,近畿,森山 浩行,@MORIYAMAhiro,森山浩行@衆議院議員 #立憲民主党 #大阪16区 #堺　#元気モリモリ,5547,1661,@user-xz7ni7hc5e,森山ひろゆきの「元気モリモリ！！！」チャンネル,141,43,https://moriyama.club/,1971年4月8日,1,,もりやま ひろゆき,立憲,3,,
149,近畿,盛山 正仁,@moriyama_kobe,盛山正仁,567,118,@user-zy5jt7iv4x,盛山正仁,30,25,https://www.moriyama-hashiru.jp/,1953年12月14日,1,,もりやま まさひと,自民,5,,
150,九州,保岡 宏武,@yasuokahirotake,やすおか宏武/衆議院議員/自民党鹿児島2区(鹿児島市南部、南薩、奄美),1375,765,@user-by5mk4wv2s,やすおか宏武,74,20,https://www.yasuoka.info/,1973年5月6日,1,,やすおか ひろたけ,自民,1,,
151,南関東,谷田川 元,@yatagawahajime,衆議院議員谷田川元(谷田川はじめ)千葉10区(銚子市、成田市、旭市、匝瑳市、香取市、香取郡他),769,300,@yatagawahajime,谷田川はじめ,316,212,https://www.hajime-yatagawa.com/,1963年1月17日,1,,やたがわ はじめ,立憲,3,,
152,近畿,柳本 顕,@yanagimotoakira,柳本 あきら【自民党・衆議院議員】,13100,5272,@yanagimotoakira,柳本あきらチャンネル,1550,254,https://www.yanagimotoakira.com/,1974年1月29日,1,,やなぎもと あきら,自民,1,,
153,南関東,山崎 誠,@yamazakimakoto,山崎誠 立憲民主党 神奈川5区（戸塚区・泉区）,6229,1187,@user-go7ws8tl6b,山崎誠チャンネル,96,53,https://yamazakimakoto.jp/,1962年11月22日,1,,やまざき まこと,立憲,3,,
154,四国,山崎 正恭,@masayasu211bob,公明党 衆議院議員　山崎まさやす,938,343,,,,,https://www.komei.or.jp/km/kochi-yamasaki-masayasu/profile/,1971年3月5日,1,,やまさき まさやす,公明,1,,
155,九州,山田 勝彦,@yamabiko719,山田勝彦 衆議院議員 立憲民主党長崎2区,2658,1232,@user-vb9jv1pk4y,山田カッチャンネル,490,71,https://www.yamada-katsuhiko.com/,1979年7月19日,1,,やまだ かつひこ,立憲,1,,
156,九州,山本 剛正,@otokogosay87,山本ごうせい,674,157,@gosay5939,GO!SAY!!ちゃん!!!,68,101,https://www.yamamotogosay.com/,1972年1月1日,1,,やまもと ごうせい,維新,2,,
157,東海,山本 左近,@SakonYamamoto,山本 左近,45100,316,@user-cj3ex7ez4c,自民党山本左近,103,7,https://sakonyamamoto.com/wp/,1982年7月9日,1,,やまもと さこん,自民,1,,
158,南関東,山本ともひろ,@ty_polepole,山本ともひろ℗,25100,245,,,,,https://yamamoto-tomohiro.com/,1975年6月20日,1,,やまもと ともひろ,自民,5,,
159,四国,山本 有二,@yamamotoyuji,山本有二,835,14,,,,,https://yamamotoyuji.jp/,1952年5月11日,1,,やまもと ゆうじ,自民,11,,
160,中国,柚木 道義,@yunoki_m,柚木みちよし,18700,6309,@TheYuzuChannel,TheYuzuChannel,202,463,https://www.yuzu.jp/,1972年5月28日,1,,ゆのき みちよし,立憲,6,,
161,中国,湯原 俊二,@knSKyYgHfPJlMSB,湯原俊二・立憲民主党鳥取2区,952,12,,,,,https://www.yuhara.net/,1962年11月20日,1,,ゆはら しゅんじ,立憲,2,,
162,南関東,義家 弘介,@yoshiiehiroyuki,義家弘介（よしいえひろゆき）,15500,9435,@user-bz4pv6bj6v,義家チャンネル,68,4,https://www.yoshiie-hiroyuki.com/,1971年3月31日,1,,よしいえ ひろゆき,自民,4,,
163,東海,吉川 赳,,,,,,,,,,1982年4月7日,1,,よしかわ たける,無,3,,パパ活　辞職？
164,九州,吉川 元,@YoshikawaHajime,吉川はじめ,2460,422,,,,,https://www.yoshikawa-hajime.com/,1966年9月28日,1,,よしかわ はじめ,立憲,4,,
165,九州,吉田 久美子,,,,,,,,,https://yoshida-kumiko.jp/,1963年7月19日,2,,よしだ くみこ,公明,1,,
166,東海,吉田 統彦,@yoshitune1aichi,吉田つねひこ 愛知1区 医師 衆議院議員 立憲民主党 日本を治す🏥,2843,1955,@user-rb4kq2rf8v,吉田つねひこチャンネル【医師・衆議院議員 吉田統彦】,198,70,https://www.yoshitsune-kai.jp/,1974年11月14日,1,,よしだ つねひこ,立憲,3,,
167,四国,吉田 とも代,@yoshida223tomo,吉田とも代｜日本維新の会,3474,336,@yoshidatomoyo,吉田とも代チャンネル【公式】,95,184,https://www.yoshidatomoyo.com/,1975年2月23日,1,,よしだ ともよ,維新,1,,
168,北陸信越,吉田 豊史,@toyo23office,吉田豊史（衆議院議員　富山1区・北陸信越ブロック比例）,919,398,@toyo23_fumilog,フミログ,306,158,https://toyo23.net/,1970年4月10日,1,,よしだ とよふみ,無,2,,
169,九州,吉田 宣弘,,,,,,,,,https://www.yoshida-nobuhiro.jp/,1967年12月8日,1,,よしだ のぶひろ,公明,3,,
170,東京,若宮 健嗣,@wakamiya7788,若宮健嗣（わかみや　けんじ）,4515,727,@user-wf3yr3wq3k,若宮けんじ,122,13,https://k-wakamiya.com/,1961年9月2日,1,,わかみや けんじ,自民,5,,
171,北陸信越,鷲尾 英一郎,@washioeiichirou,わしお英一郎【新・新潟４区(長岡市、柏崎市、見附市、小千谷市、刈羽村、出雲崎町)】,3184,163,@user-ze8bx4be4w,わしお英一郎チャンネル,758,65,https://washio-e.jp/,1977年1月3日,1,,わしお えいいちろう,自民,6,,
172,近畿,和田 有一朗,@wada_jimusho,和田有一朗,489,0,,,,,https://wada-yuuichiro.com/,1964年10月23日,1,,わだ ゆういちろう,維新,1,,
173,北海道,渡辺 孝一,,,,,,,,,https://watanabekoichi.jp/,1957年11月25日,1,,わたなべ こういち,自民,4,,
174,東海,渡辺 周,@shuwatanabe2021,わたなべ周 （衆議院議員 静岡６区）@応援アカウント,87,41,,,,,https://watanabeshu.org/,1961年12月11日,1,,わたなべ しゅう,立憲,9,,
175,近畿,鰐淵 洋子,@WanibuchiYoko,鰐淵 洋子,7739,342,,,,,,1972年4月10日,2,,わにぶち ようこ,公明,2,,